year,tag,score_logodds,count_top,count_rest,p_top,p_rest,delta,n_top,n_rest
1970,feel-good,3.5449041023283305,1,0,0.16666666666666666,0.0,0.16666666666666666,6,63
1970,boring,3.5449041023283305,1,0,0.16666666666666666,0.0,0.16666666666666666,6,63
1970,action,3.5449041023283305,1,0,0.16666666666666666,0.0,0.16666666666666666,6,63
1970,suicidal,3.5449041023283305,1,0,0.16666666666666666,0.0,0.16666666666666666,6,63
1970,entertaining,3.5449041023283305,1,0,0.16666666666666666,0.0,0.16666666666666666,6,63
1970,western,2.430418464503931,1,1,0.16666666666666666,0.015873015873015872,0.15079365079365079,6,63
1970,historical,2.430418464503931,1,1,0.16666666666666666,0.015873015873015872,0.15079365079365079,6,63
1970,cute,2.430418464503931,1,1,0.16666666666666666,0.015873015873015872,0.15079365079365079,6,63
1970,good_versus_evil,2.262093731639309,2,3,0.3333333333333333,0.047619047619047616,0.2857142857142857,6,63
1970,suspenseful,1.994112250873191,2,4,0.3333333333333333,0.06349206349206349,0.2698412698412698,6,63
1970,anti_war,1.994112250873191,2,4,0.3333333333333333,0.06349206349206349,0.2698412698412698,6,63
1970,allegory,1.9034634588080561,1,2,0.16666666666666666,0.031746031746031744,0.1349206349206349,6,63
1970,satire,1.7764919970972666,2,5,0.3333333333333333,0.07936507936507936,0.25396825396825395,6,63
1970,insanity,1.550597412411167,1,3,0.16666666666666666,0.047619047619047616,0.11904761904761904,6,63
1970,horror,1.550597412411167,1,3,0.16666666666666666,0.047619047619047616,0.11904761904761904,6,63
1971,action,4.00733318523247,2,0,0.25,0.0,0.25,8,71
1971,dramatic,4.00733318523247,2,0,0.25,0.0,0.25,8,71
1971,boring,3.3534067178258065,1,0,0.125,0.0,0.125,8,71
1971,whimsical,3.3534067178258065,1,0,0.125,0.0,0.125,8,71
1971,fantasy,3.3534067178258065,1,0,0.125,0.0,0.125,8,71
1971,alternate_reality,3.3534067178258065,1,0,0.125,0.0,0.125,8,71
1971,realism,2.894636156682622,2,1,0.25,0.014084507042253521,0.23591549295774647,8,71
1971,cute,2.894636156682622,2,1,0.25,0.014084507042253521,0.23591549295774647,8,71
1971,mystery,2.369524575669155,2,2,0.25,0.028169014084507043,0.22183098591549297,8,71
1971,dark,2.369524575669155,2,2,0.25,0.028169014084507043,0.22183098591549297,8,71
1971,western,2.240709689275958,1,1,0.125,0.014084507042253521,0.11091549295774648,8,71
1971,psychological,2.240709689275958,1,1,0.125,0.014084507042253521,0.11091549295774648,8,71
1971,entertaining,2.240709689275958,1,1,0.125,0.014084507042253521,0.11091549295774648,8,71
1971,brainwashing,2.240709689275958,1,1,0.125,0.014084507042253521,0.11091549295774648,8,71
1971,cult,1.917404656057387,7,30,0.875,0.4225352112676056,0.4524647887323944,8,71
1972,action,3.339321977944068,1,0,0.125,0.0,0.125,8,70
1972,dramatic,3.339321977944068,1,0,0.125,0.0,0.125,8,70
1972,entertaining,3.339321977944068,1,0,0.125,0.0,0.125,8,70
1972,psychological,2.8803501994351457,2,1,0.25,0.014285714285714285,0.2357142857142857,8,70
1972,mystery,2.8803501994351457,2,1,0.25,0.014285714285714285,0.2357142857142857,8,70
1972,tragedy,2.3550315683665883,2,2,0.25,0.02857142857142857,0.22142857142857142,8,70
1972,boring,2.3550315683665883,2,2,0.25,0.02857142857142857,0.22142857142857142,8,70
1972,historical,2.226423732028482,1,1,0.125,0.014285714285714285,0.11071428571428571,8,70
1972,atmospheric,1.7376131058580984,2,4,0.25,0.05714285714285714,0.19285714285714287,8,70
1972,pornographic,1.7011051009599243,1,2,0.125,0.02857142857142857,0.09642857142857143,8,70
1972,romantic,1.5217906053753447,2,5,0.25,0.07142857142857142,0.17857142857142858,8,70
1972,humor,1.349926716949016,1,3,0.125,0.04285714285714286,0.08214285714285714,8,70
1972,realism,1.349926716949016,1,3,0.125,0.04285714285714286,0.08214285714285714,8,70
1972,psychedelic,1.1916441534393225,3,11,0.375,0.15714285714285714,0.21785714285714286,8,70
1972,philosophical,1.0026483004063658,0,1,0.0,0.014285714285714285,-0.014285714285714285,8,70
1973,plot_twist,3.339321977944068,1,0,0.125,0.0,0.125,8,70
1973,inspiring,3.339321977944068,1,0,0.125,0.0,0.125,8,70
1973,clever,3.339321977944068,1,0,0.125,0.0,0.125,8,70
1973,boring,2.3550315683665883,2,2,0.25,0.02857142857142857,0.22142857142857142,8,70
1973,tragedy,2.226423732028482,1,1,0.125,0.014285714285714285,0.11071428571428571,8,70
1973,entertaining,2.226423732028482,1,1,0.125,0.014285714285714285,0.11071428571428571,8,70
1973,horror,2.226423732028482,1,1,0.125,0.014285714285714285,0.11071428571428571,8,70
1973,violence,1.6592407349179186,6,23,0.75,0.32857142857142857,0.42142857142857143,8,70
1973,paranormal,1.5217906053753447,2,5,0.25,0.07142857142857142,0.17857142857142858,8,70
1973,romantic,1.5217906053753447,2,5,0.25,0.07142857142857142,0.17857142857142858,8,70
1973,neo_noir,1.5217906053753447,2,5,0.25,0.07142857142857142,0.17857142857142858,8,70
1973,depressing,1.349926716949016,1,3,0.125,0.04285714285714286,0.08214285714285714,8,70
1973,cruelty,1.349926716949016,1,3,0.125,0.04285714285714286,0.08214285714285714,8,70
1973,dark,1.349926716949016,1,3,0.125,0.04285714285714286,0.08214285714285714,8,70
1973,blaxploitation,1.0836866384514343,1,4,0.125,0.05714285714285714,0.06785714285714287,8,70
1974,psychological,4.055729726094321,2,0,0.2857142857142857,0.0,0.2857142857142857,7,63
1974,plot_twist,3.377850017665164,1,0,0.14285714285714285,0.0,0.14285714285714285,7,63
1974,comic,3.377850017665164,1,0,0.14285714285714285,0.0,0.14285714285714285,7,63
1974,boring,3.377850017665164,1,0,0.14285714285714285,0.0,0.14285714285714285,7,63
1974,entertaining,3.377850017665164,1,0,0.14285714285714285,0.0,0.14285714285714285,7,63
1974,atmospheric,2.414289082574047,2,2,0.2857142857142857,0.031746031746031744,0.25396825396825395,7,63
1974,grindhouse_film,2.2633643798407643,1,1,0.14285714285714285,0.015873015873015872,0.12698412698412698,7,63
1974,dark,2.0614230361771577,2,3,0.2857142857142857,0.047619047619047616,0.23809523809523808,7,63
1974,mystery,1.79344155541104,2,4,0.2857142857142857,0.06349206349206349,0.2222222222222222,7,63
1974,tragedy,1.7680231893292242,3,7,0.42857142857142855,0.1111111111111111,0.31746031746031744,7,63
1974,action,1.73640937414489,1,2,0.14285714285714285,0.031746031746031744,0.1111111111111111,7,63
1974,depressing,1.73640937414489,1,2,0.14285714285714285,0.031746031746031744,0.1111111111111111,7,63
1974,claustrophobic,1.73640937414489,1,2,0.14285714285714285,0.031746031746031744,0.1111111111111111,7,63
1974,horror,1.73640937414489,1,2,0.14285714285714285,0.031746031746031744,0.1111111111111111,7,63
1974,comedy,1.6671675916423412,4,12,0.5714285714285714,0.19047619047619047,0.38095238095238093,7,63
1975,psychological,3.7654195312362706,2,0,0.2857142857142857,0.0,0.2857142857142857,7,47
1975,atmospheric,3.18267277620424,3,1,0.42857142857142855,0.02127659574468085,0.4072948328267477,7,47
1975,prank,3.0875398228071136,1,0,0.14285714285714285,0.0,0.14285714285714285,7,47
1975,sentimental,3.0875398228071136,1,0,0.14285714285714285,0.0,0.14285714285714285,7,47
1975,queer,3.0875398228071136,1,0,0.14285714285714285,0.0,0.14285714285714285,7,47
1975,claustrophobic,3.0875398228071136,1,0,0.14285714285714285,0.0,0.14285714285714285,7,47
1975,dramatic,3.0875398228071136,1,0,0.14285714285714285,0.0,0.14285714285714285,7,47
1975,entertaining,3.0875398228071136,1,0,0.14285714285714285,0.0,0.14285714285714285,7,47
1975,horror,2.645529844120876,2,1,0.2857142857142857,0.02127659574468085,0.26443768996960487,7,47
1975,insanity,2.2914117923959205,3,3,0.42857142857142855,0.06382978723404255,0.364741641337386,7,47
1975,paranormal,1.9676501356917193,1,1,0.14285714285714285,0.02127659574468085,0.121580547112462,7,47
1975,melodrama,1.9676501356917193,1,1,0.14285714285714285,0.02127659574468085,0.121580547112462,7,47
1975,depressing,1.9676501356917193,1,1,0.14285714285714285,0.02127659574468085,0.121580547112462,7,47
1975,suspenseful,1.7542688603125565,2,3,0.2857142857142857,0.06382978723404255,0.22188449848024316,7,47
1975,cult,1.7267269989572005,5,13,0.7142857142857143,0.2765957446808511,0.4376899696048632,7,47
1976,gothic,3.8462716278653657,2,0,0.2857142857142857,0.0,0.2857142857142857,7,51
1976,inspiring,3.8462716278653657,2,0,0.2857142857142857,0.0,0.2857142857142857,7,51
1976,avant_garde,3.8462716278653657,2,0,0.2857142857142857,0.0,0.2857142857142857,7,51
1976,dramatic,3.2651937998922436,3,1,0.42857142857142855,0.0196078431372549,0.40896358543417366,7,51
1976,suicidal,3.1683919194362087,1,0,0.14285714285714285,0.0,0.14285714285714285,7,51
1976,storytelling,3.1683919194362087,1,0,0.14285714285714285,0.0,0.14285714285714285,7,51
1976,historical,3.1683919194362087,1,0,0.14285714285714285,0.0,0.14285714285714285,7,51
1976,thought-provoking,3.1683919194362087,1,0,0.14285714285714285,0.0,0.14285714285714285,7,51
1976,brainwashing,3.1683919194362087,1,0,0.14285714285714285,0.0,0.14285714285714285,7,51
1976,insanity,2.880115257728976,4,3,0.5714285714285714,0.058823529411764705,0.5126050420168067,7,51
1976,satire,2.7280508678088795,2,1,0.2857142857142857,0.0196078431372549,0.2661064425770308,7,51
1976,dark,2.7280508678088795,2,1,0.2857142857142857,0.0196078431372549,0.2661064425770308,7,51
1976,atmospheric,2.3774864011671637,3,3,0.42857142857142855,0.058823529411764705,0.36974789915966383,7,51
1976,paranormal,2.1972245773362196,2,2,0.2857142857142857,0.0392156862745098,0.2464985994397759,7,51
1976,cruelty,2.1972245773362196,2,2,0.2857142857142857,0.0392156862745098,0.2464985994397759,7,51
1977,thought-provoking,3.2503744919275714,1,0,0.125,0.0,0.125,8,64
1977,melodrama,3.2503744919275714,1,0,0.125,0.0,0.125,8,64
1977,sentimental,3.2503744919275714,1,0,0.125,0.0,0.125,8,64
1977,dark,3.2503744919275714,1,0,0.125,0.0,0.125,8,64
1977,sci-fi,3.2503744919275714,1,0,0.125,0.0,0.125,8,64
1977,humor,2.866274206317104,4,3,0.5,0.046875,0.453125,8,64
1977,avant_garde,2.7900633527630454,2,1,0.25,0.015625,0.234375,8,64
1977,atmospheric,2.7668907011251433,3,2,0.375,0.03125,0.34375,8,64
1977,mystery,2.2633643798407643,2,2,0.25,0.03125,0.21875,8,64
1977,good_versus_evil,2.1465808445174646,3,4,0.375,0.0625,0.3125,8,64
1977,dramatic,2.1361368853563816,1,1,0.125,0.015625,0.109375,8,64
1977,tragedy,2.1361368853563816,1,1,0.125,0.015625,0.109375,8,64
1977,horror,1.6430545232330855,2,4,0.25,0.0625,0.1875,8,64
1977,gothic,1.6094379124341003,1,2,0.125,0.03125,0.09375,8,64
1977,realism,1.6094379124341003,1,2,0.125,0.03125,0.09375,8,64
1978,action,3.4102472171820732,1,0,0.16666666666666666,0.0,0.16666666666666666,6,55
1978,absurd,3.4102472171820732,1,0,0.16666666666666666,0.0,0.16666666666666666,6,55
1978,claustrophobic,3.004948928658915,2,1,0.3333333333333333,0.01818181818181818,0.3151515151515151,6,55
1978,entertaining,2.4756042571256867,2,2,0.3333333333333333,0.03636363636363636,0.29696969696969694,6,55
1978,horror,2.4756042571256867,2,2,0.3333333333333333,0.03636363636363636,0.29696969696969694,6,55
1978,suspenseful,2.4375044108934163,3,4,0.5,0.07272727272727272,0.42727272727272725,6,55
1978,good_versus_evil,2.4375044108934163,3,4,0.5,0.07272727272727272,0.42727272727272725,6,55
1978,satire,2.293452609430773,1,1,0.16666666666666666,0.01818181818181818,0.14848484848484847,6,55
1978,boring,2.293452609430773,1,1,0.16666666666666666,0.01818181818181818,0.14848484848484847,6,55
1978,realism,2.293452609430773,1,1,0.16666666666666666,0.01818181818181818,0.14848484848484847,6,55
1978,fantasy,2.293452609430773,1,1,0.16666666666666666,0.01818181818181818,0.14848484848484847,6,55
1978,bleak,2.293452609430773,1,1,0.16666666666666666,0.01818181818181818,0.14848484848484847,6,55
1978,grindhouse_film,2.293452609430773,1,1,0.16666666666666666,0.01818181818181818,0.14848484848484847,6,55
1978,sadist,2.120263536200091,2,3,0.3333333333333333,0.05454545454545454,0.27878787878787875,6,55
1978,cult,1.772189373033958,5,21,0.8333333333333334,0.38181818181818183,0.45151515151515154,6,55
1979,action,3.462257638423402,3,1,0.42857142857142855,0.016129032258064516,0.41244239631336405,7,62
1979,whimsical,3.3619766685088743,1,0,0.14285714285714285,0.0,0.14285714285714285,7,62
1979,allegory,3.3619766685088743,1,0,0.14285714285714285,0.0,0.14285714285714285,7,62
1979,avant_garde,3.3619766685088743,1,0,0.14285714285714285,0.0,0.14285714285714285,7,62
1979,claustrophobic,3.3619766685088743,1,0,0.14285714285714285,0.0,0.14285714285714285,7,62
1979,suspenseful,3.0845277723371223,4,3,0.5714285714285714,0.04838709677419355,0.5230414746543779,7,62
1979,humor,2.925114706340038,2,1,0.2857142857142857,0.016129032258064516,0.2695852534562212,7,62
1979,boring,2.925114706340038,2,1,0.2857142857142857,0.016129032258064516,0.2695852534562212,7,62
1979,dark,2.3978952727983707,2,2,0.2857142857142857,0.03225806451612903,0.2534562211981567,7,62
1979,psychological,2.2472349979108808,1,1,0.14285714285714285,0.016129032258064516,0.12672811059907835,7,62
1979,mystery,2.2472349979108808,1,1,0.14285714285714285,0.016129032258064516,0.12672811059907835,7,62
1979,anti_war,2.2472349979108808,1,1,0.14285714285714285,0.016129032258064516,0.12672811059907835,7,62
1979,comedy,1.7764919970972666,2,4,0.2857142857142857,0.06451612903225806,0.22119815668202764,7,62
1979,violence,1.7439688053917066,5,17,0.7142857142857143,0.27419354838709675,0.44009216589861755,7,62
1979,atmospheric,1.7200155643692139,1,2,0.14285714285714285,0.03225806451612903,0.11059907834101382,7,62
1980,action,4.653960350157523,3,0,0.375,0.0,0.375,8,82
1980,boring,4.150434028873144,2,0,0.25,0.0,0.25,8,82
1980,home_movie,3.49650756146648,1,0,0.125,0.0,0.125,8,82
1980,feel-good,3.49650756146648,1,0,0.125,0.0,0.125,8,82
1980,avant_garde,3.49650756146648,1,0,0.125,0.0,0.125,8,82
1980,dramatic,3.49650756146648,1,0,0.125,0.0,0.125,8,82
1980,good_versus_evil,3.0199813288073054,3,2,0.375,0.024390243902439025,0.35060975609756095,8,82
1980,mystery,2.5164550075229264,2,2,0.25,0.024390243902439025,0.22560975609756098,8,82
1980,haunting,2.3856999997045527,1,1,0.125,0.012195121951219513,0.11280487804878049,8,82
1980,depressing,2.3856999997045527,1,1,0.125,0.012195121951219513,0.11280487804878049,8,82
1980,fantasy,2.3856999997045527,1,1,0.125,0.012195121951219513,0.11280487804878049,8,82
1980,entertaining,2.3856999997045527,1,1,0.125,0.012195121951219513,0.11280487804878049,8,82
1980,atmospheric,2.193544720377819,3,5,0.375,0.06097560975609756,0.31402439024390244,8,82
1980,insanity,2.167482608137482,2,3,0.25,0.036585365853658534,0.21341463414634146,8,82
1980,dark,2.167482608137482,2,3,0.25,0.036585365853658534,0.21341463414634146,8,82
1981,action,3.9839207446077274,4,1,0.4444444444444444,0.010101010101010102,0.4343434343434343,9,99
1981,haunting,3.558703769336386,1,0,0.1111111111111111,0.0,0.1111111111111111,9,99
1981,thought-provoking,3.558703769336386,1,0,0.1111111111111111,0.0,0.1111111111111111,9,99
1981,claustrophobic,3.558703769336386,1,0,0.1111111111111111,0.0,0.1111111111111111,9,99
1981,entertaining,2.854378155248259,4,4,0.4444444444444444,0.04040404040404041,0.40404040404040403,9,99
1981,dark,2.5649493574615363,2,2,0.2222222222222222,0.020202020202020204,0.20202020202020202,9,99
1981,atmospheric,2.465488563930899,4,6,0.4444444444444444,0.06060606060606061,0.3838383838383838,9,99
1981,mystery,2.4499903846817723,1,1,0.1111111111111111,0.010101010101010102,0.10101010101010101,9,99
1981,realism,2.4499903846817723,1,1,0.1111111111111111,0.010101010101010102,0.10101010101010101,9,99
1981,anti_war,2.4499903846817723,1,1,0.1111111111111111,0.010101010101010102,0.10101010101010101,9,99
1981,good_versus_evil,2.436009642304187,3,4,0.3333333333333333,0.04040404040404041,0.29292929292929293,9,99
1981,paranormal,1.92896059074154,1,2,0.1111111111111111,0.020202020202020204,0.0909090909090909,9,99
1981,boring,1.92896059074154,1,2,0.1111111111111111,0.020202020202020204,0.0909090909090909,9,99
1981,humor,1.8932664155698913,3,7,0.3333333333333333,0.0707070707070707,0.2626262626262626,9,99
1981,comedy,1.6567840330312988,4,13,0.4444444444444444,0.13131313131313133,0.3131313131313131,9,99
1982,boring,4.486906265494357,3,0,0.3333333333333333,0.0,0.3333333333333333,9,82
1982,philosophical,3.371344418512474,1,0,0.1111111111111111,0.0,0.1111111111111111,9,82
1982,alternate_history,3.371344418512474,1,0,0.1111111111111111,0.0,0.1111111111111111,9,82
1982,blaxploitation,3.371344418512474,1,0,0.1111111111111111,0.0,0.1111111111111111,9,82
1982,haunting,3.371344418512474,1,0,0.1111111111111111,0.0,0.1111111111111111,9,82
1982,comic,3.371344418512474,1,0,0.1111111111111111,0.0,0.1111111111111111,9,82
1982,claustrophobic,3.371344418512474,1,0,0.1111111111111111,0.0,0.1111111111111111,9,82
1982,anti_war,3.371344418512474,1,0,0.1111111111111111,0.0,0.1111111111111111,9,82
1982,bleak,3.371344418512474,1,0,0.1111111111111111,0.0,0.1111111111111111,9,82
1982,alternate_reality,3.371344418512474,1,0,0.1111111111111111,0.0,0.1111111111111111,9,82
1982,action,3.2712957570882115,4,2,0.4444444444444444,0.024390243902439025,0.4200542005420054,9,82
1982,sci-fi,2.896525623470543,2,1,0.2222222222222222,0.012195121951219513,0.2100271002710027,9,82
1982,dramatic,2.852927244144139,3,2,0.3333333333333333,0.024390243902439025,0.30894308943089427,9,82
1982,fantasy,2.444859148658725,4,5,0.4444444444444444,0.06097560975609756,0.38346883468834686,9,82
1982,atmospheric,2.260536856750546,1,1,0.1111111111111111,0.012195121951219513,0.0989159891598916,9,82
1983,alternate_reality,3.407841924380824,1,0,0.125,0.0,0.125,8,75
1983,brainwashing,3.407841924380824,1,0,0.125,0.0,0.125,8,75
1983,revenge,2.6639158484689722,5,7,0.625,0.09333333333333334,0.5316666666666666,8,75
1983,humor,2.4254832293171997,2,2,0.25,0.02666666666666667,0.22333333333333333,8,75
1983,suspenseful,2.4254832293171997,2,2,0.25,0.02666666666666667,0.22333333333333333,8,75
1983,dramatic,2.4254832293171997,2,2,0.25,0.02666666666666667,0.22333333333333333,8,75
1983,mystery,2.2958961048432496,1,1,0.125,0.013333333333333334,0.11166666666666666,8,75
1983,absurd,2.2958961048432496,1,1,0.125,0.013333333333333334,0.11166666666666666,8,75
1983,anti_war,2.2958961048432496,1,1,0.125,0.013333333333333334,0.11166666666666666,8,75
1983,sci-fi,2.2958961048432496,1,1,0.125,0.013333333333333334,0.11166666666666666,8,75
1983,philosophical,2.075312148337825,2,3,0.25,0.04,0.21,8,75
1983,action,2.075312148337825,2,3,0.25,0.04,0.21,8,75
1983,gothic,2.075312148337825,2,3,0.25,0.04,0.21,8,75
1983,good_versus_evil,1.8101086078962516,2,4,0.25,0.05333333333333334,0.19666666666666666,8,75
1983,adult_comedy,1.7715567619105357,1,2,0.125,0.02666666666666667,0.09833333333333333,8,75
1984,gothic,3.272781089704403,3,1,0.3333333333333333,0.013513513513513514,0.3198198198198198,9,74
1984,philosophical,3.269345250557353,1,0,0.1111111111111111,0.0,0.1111111111111111,9,74
1984,haunting,3.269345250557353,1,0,0.1111111111111111,0.0,0.1111111111111111,9,74
1984,sentimental,3.269345250557353,1,0,0.1111111111111111,0.0,0.1111111111111111,9,74
1984,avant_garde,3.269345250557353,1,0,0.1111111111111111,0.0,0.1111111111111111,9,74
1984,mystery,2.748256621580251,3,2,0.3333333333333333,0.02702702702702703,0.3063063063063063,9,74
1984,sadist,2.2686835413183646,2,2,0.2222222222222222,0.02702702702702703,0.19519519519519518,9,74
1984,tragedy,2.2686835413183646,2,2,0.2222222222222222,0.02702702702702703,0.19519519519519518,9,74
1984,alternate_history,2.1572192427225207,1,1,0.1111111111111111,0.013513513513513514,0.09759759759759759,9,74
1984,historical,2.1572192427225207,1,1,0.1111111111111111,0.013513513513513514,0.09759759759759759,9,74
1984,bleak,2.1572192427225207,1,1,0.1111111111111111,0.013513513513513514,0.09759759759759759,9,74
1984,brainwashing,2.1572192427225207,1,1,0.1111111111111111,0.013513513513513514,0.09759759759759759,9,74
1984,paranormal,1.9183221925364842,2,3,0.2222222222222222,0.04054054054054054,0.18168168168168167,9,74
1984,cruelty,1.652923024373839,2,4,0.2222222222222222,0.05405405405405406,0.16816816816816815,9,74
1984,fantasy,1.652923024373839,2,4,0.2222222222222222,0.05405405405405406,0.16816816816816815,9,74
1985,suicidal,3.377099830083095,1,0,0.09090909090909091,0.0,0.09090909090909091,11,102
1985,thought-provoking,3.377099830083095,1,0,0.09090909090909091,0.0,0.09090909090909091,11,102
1985,clever,3.377099830083095,1,0,0.09090909090909091,0.0,0.09090909090909091,11,102
1985,sci-fi,2.879592623641338,2,1,0.18181818181818182,0.00980392156862745,0.17201426024955438,11,102
1985,action,2.3771691422812538,5,7,0.45454545454545453,0.06862745098039216,0.38591800356506234,11,102
1985,alternate_reality,2.358865928892635,2,2,0.18181818181818182,0.0196078431372549,0.16221033868092694,11,102
1985,alternate_history,2.2686835413183646,1,1,0.09090909090909091,0.00980392156862745,0.08110516934046347,11,102
1985,sentimental,2.2686835413183646,1,1,0.09090909090909091,0.00980392156862745,0.08110516934046347,11,102
1985,atmospheric,2.2686835413183646,1,1,0.09090909090909091,0.00980392156862745,0.08110516934046347,11,102
1985,humor,1.8125671217344586,5,12,0.45454545454545453,0.11764705882352941,0.33689839572192515,11,102
1985,prank,1.7479568465696618,1,2,0.09090909090909091,0.0196078431372549,0.07130124777183601,11,102
1985,whimsical,1.7479568465696618,1,2,0.09090909090909091,0.0196078431372549,0.07130124777183601,11,102
1985,realism,1.7479568465696618,1,2,0.09090909090909091,0.0196078431372549,0.07130124777183601,11,102
1985,fantasy,1.6569200319435171,3,7,0.2727272727272727,0.06862745098039216,0.20409982174688054,11,102
1985,dark,1.4014845266138658,1,3,0.09090909090909091,0.029411764705882353,0.06149732620320856,11,102
1986,historical,4.04489628680812,2,0,0.18181818181818182,0.0,0.18181818181818182,11,108
1986,whimsical,3.4339872044851463,1,0,0.09090909090909091,0.0,0.09090909090909091,11,108
1986,allegory,3.4339872044851463,1,0,0.09090909090909091,0.0,0.09090909090909091,11,108
1986,avant_garde,3.4339872044851463,1,0,0.09090909090909091,0.0,0.09090909090909091,11,108
1986,anti_war,3.4339872044851463,1,0,0.09090909090909091,0.0,0.09090909090909091,11,108
1986,historical_fiction,3.4339872044851463,1,0,0.09090909090909091,0.0,0.09090909090909091,11,108
1986,atmospheric,2.937024672727213,2,1,0.18181818181818182,0.009259259259259259,0.17255892255892258,11,108
1986,mystery,2.937024672727213,2,1,0.18181818181818182,0.009259259259259259,0.17255892255892258,11,108
1986,suspenseful,2.7677694358038325,5,5,0.45454545454545453,0.046296296296296294,0.40824915824915825,11,108
1986,action,2.5186447894198505,3,3,0.2727272727272727,0.027777777777777776,0.24494949494949492,11,108
1986,fantasy,2.5186447894198505,3,3,0.2727272727272727,0.027777777777777776,0.24494949494949492,11,108
1986,sci-fi,2.4168531865429848,2,2,0.18181818181818182,0.018518518518518517,0.1632996632996633,11,108
1986,storytelling,2.32611559040424,1,1,0.09090909090909091,0.009259259259259259,0.08164983164983165,11,108
1986,sentimental,2.32611559040424,1,1,0.09090909090909091,0.009259259259259259,0.08164983164983165,11,108
1986,cult,2.0561132891889273,10,51,0.9090909090909091,0.4722222222222222,0.43686868686868685,11,108
1987,dramatic,4.076062517384652,2,0,0.15384615384615385,0.0,0.15384615384615385,13,135
1987,sci-fi,4.076062517384652,2,0,0.15384615384615385,0.0,0.15384615384615385,13,135
1987,action,4.060781019675884,5,1,0.38461538461538464,0.007407407407407408,0.3772079772079772,13,135
1987,stupid,3.48185528467961,1,0,0.07692307692307693,0.0,0.07692307692307693,13,135
1987,suicidal,3.48185528467961,1,0,0.07692307692307693,0.0,0.07692307692307693,13,135
1987,haunting,3.48185528467961,1,0,0.07692307692307693,0.0,0.07692307692307693,13,135
1987,whimsical,3.48185528467961,1,0,0.07692307692307693,0.0,0.07692307692307693,13,135
1987,feel-good,3.48185528467961,1,0,0.07692307692307693,0.0,0.07692307692307693,13,135
1987,clever,3.48185528467961,1,0,0.07692307692307693,0.0,0.07692307692307693,13,135
1987,brainwashing,3.48185528467961,1,0,0.07692307692307693,0.0,0.07692307692307693,13,135
1987,humor,2.8511510447428834,7,8,0.5384615384615384,0.05925925925925926,0.4792022792022792,13,135
1987,anti_war,2.4517544424711,2,2,0.15384615384615385,0.014814814814814815,0.13903133903133905,13,135
1987,storytelling,2.375835554733638,1,1,0.07692307692307693,0.007407407407407408,0.06951566951566952,13,135
1987,avant_garde,2.375835554733638,1,1,0.07692307692307693,0.007407407407407408,0.06951566951566952,13,135
1987,fantasy,2.375835554733638,1,1,0.07692307692307693,0.007407407407407408,0.06951566951566952,13,135
1988,cute,4.290459441148391,3,0,0.23076923076923078,0.0,0.23076923076923078,13,109
1988,comic,3.863015426321452,2,0,0.15384615384615385,0.0,0.15384615384615385,13,109
1988,sci-fi,3.863015426321452,2,0,0.15384615384615385,0.0,0.15384615384615385,13,109
1988,brainwashing,3.863015426321452,2,0,0.15384615384615385,0.0,0.15384615384615385,13,109
1988,psychological,3.26880819361641,1,0,0.07692307692307693,0.0,0.07692307692307693,13,109
1988,magical_realism,3.26880819361641,1,0,0.07692307692307693,0.0,0.07692307692307693,13,109
1988,depressing,3.26880819361641,1,0,0.07692307692307693,0.0,0.07692307692307693,13,109
1988,atmospheric,3.26880819361641,1,0,0.07692307692307693,0.0,0.07692307692307693,13,109
1988,whimsical,3.26880819361641,1,0,0.07692307692307693,0.0,0.07692307692307693,13,109
1988,feel-good,3.26880819361641,1,0,0.07692307692307693,0.0,0.07692307692307693,13,109
1988,boring,3.26880819361641,1,0,0.07692307692307693,0.0,0.07692307692307693,13,109
1988,claustrophobic,3.26880819361641,1,0,0.07692307692307693,0.0,0.07692307692307693,13,109
1988,clever,3.26880819361641,1,0,0.07692307692307693,0.0,0.07692307692307693,13,109
1988,bleak,3.26880819361641,1,0,0.07692307692307693,0.0,0.07692307692307693,13,109
1988,alternate_reality,3.26880819361641,1,0,0.07692307692307693,0.0,0.07692307692307693,13,109
1989,fantasy,3.770459441106359,6,2,0.5,0.01818181818181818,0.4818181818181818,12,110
1989,feel-good,3.3612807742567123,1,0,0.08333333333333333,0.0,0.08333333333333333,12,110
1989,cute,2.855374915859068,2,1,0.16666666666666666,0.00909090909090909,0.15757575757575756,12,110
1989,action,2.5280788216532093,4,4,0.3333333333333333,0.03636363636363636,0.29696969696969694,12,110
1989,melodrama,2.253577513887351,1,1,0.08333333333333333,0.00909090909090909,0.07424242424242423,12,110
1989,sentimental,2.253577513887351,1,1,0.08333333333333333,0.00909090909090909,0.07424242424242423,12,110
1989,allegory,2.253577513887351,1,1,0.08333333333333333,0.00909090909090909,0.07424242424242423,12,110
1989,thought-provoking,2.253577513887351,1,1,0.08333333333333333,0.00909090909090909,0.07424242424242423,12,110
1989,bleak,2.253577513887351,1,1,0.08333333333333333,0.00909090909090909,0.07424242424242423,12,110
1989,entertaining,1.9886798254431626,4,7,0.3333333333333333,0.06363636363636363,0.26969696969696966,12,110
1989,comedy,1.8458266904983307,8,25,0.6666666666666666,0.22727272727272727,0.43939393939393934,12,110
1989,mystery,1.778856064392147,3,6,0.25,0.05454545454545454,0.19545454545454546,12,110
1989,alternate_history,1.733577513845319,1,2,0.08333333333333333,0.01818181818181818,0.06515151515151515,12,110
1989,home_movie,1.733577513845319,1,2,0.08333333333333333,0.01818181818181818,0.06515151515151515,12,110
1989,inspiring,1.733577513845319,1,2,0.08333333333333333,0.01818181818181818,0.06515151515151515,12,110
1990,mystery,4.486268103379528,3,0,0.25,0.0,0.25,12,120
1990,claustrophobic,4.486268103379528,3,0,0.25,0.0,0.25,12,120
1990,magical_realism,3.4479150062296147,1,0,0.08333333333333333,0.0,0.08333333333333333,12,120
1990,brainwashing,3.4479150062296147,1,0,0.08333333333333333,0.0,0.08333333333333333,12,120
1990,dark,2.942766737974078,2,1,0.16666666666666666,0.008333333333333333,0.15833333333333333,12,120
1990,dramatic,2.558617717788863,5,6,0.4166666666666667,0.05,0.3666666666666667,12,120
1990,fantasy,2.4085336710034264,4,5,0.3333333333333333,0.041666666666666664,0.29166666666666663,12,120
1990,entertaining,2.4085336710034264,4,5,0.3333333333333333,0.041666666666666664,0.29166666666666663,12,120
1990,stupid,2.340969336002361,1,1,0.08333333333333333,0.008333333333333333,0.075,12,120
1990,alternate_history,2.340969336002361,1,1,0.08333333333333333,0.008333333333333333,0.075,12,120
1990,psychological,2.340969336002361,1,1,0.08333333333333333,0.008333333333333333,0.075,12,120
1990,sentimental,2.340969336002361,1,1,0.08333333333333333,0.008333333333333333,0.075,12,120
1990,historical,2.340969336002361,1,1,0.08333333333333333,0.008333333333333333,0.075,12,120
1990,boring,2.340969336002361,1,1,0.08333333333333333,0.008333333333333333,0.075,12,120
1990,realism,2.340969336002361,1,1,0.08333333333333333,0.008333333333333333,0.075,12,120
1991,whimsical,3.8721063980227033,2,0,0.15384615384615385,0.0,0.15384615384615385,13,110
1991,sentimental,3.2778991653176615,1,0,0.07692307692307693,0.0,0.07692307692307693,13,110
1991,cute,3.2778991653176615,1,0,0.07692307692307693,0.0,0.07692307692307693,13,110
1991,dramatic,3.191847152480281,3,1,0.23076923076923078,0.00909090909090909,0.2216783216783217,13,110
1991,action,3.023245039276138,4,2,0.3076923076923077,0.01818181818181818,0.2895104895104895,13,110
1991,atmospheric,2.764403137653342,2,1,0.15384615384615385,0.00909090909090909,0.14475524475524476,13,110
1991,historical,2.764403137653342,2,1,0.15384615384615385,0.00909090909090909,0.14475524475524476,13,110
1991,suspenseful,2.671847152438249,3,2,0.23076923076923078,0.01818181818181818,0.2125874125874126,13,110
1991,gothic,2.4168531865429848,4,4,0.3076923076923077,0.03636363636363636,0.27132867132867133,13,110
1991,fantasy,2.24440313761131,2,2,0.15384615384615385,0.01818181818181818,0.13566433566433567,13,110
1991,alternate_history,2.1701959049483,1,1,0.07692307692307693,0.00909090909090909,0.06783216783216783,13,110
1991,psychological,2.1701959049483,1,1,0.07692307692307693,0.00909090909090909,0.06783216783216783,13,110
1991,historical_fiction,2.1701959049483,1,1,0.07692307692307693,0.00909090909090909,0.06783216783216783,13,110
1991,entertaining,2.0654552997050963,3,4,0.23076923076923078,0.03636363636363636,0.1944055944055944,13,110
1991,horror,2.0654552997050963,3,4,0.23076923076923078,0.03636363636363636,0.1944055944055944,13,110
1992,prank,3.474447843401748,1,0,0.07692307692307693,0.0,0.07692307692307693,13,134
1992,comic,3.474447843401748,1,0,0.07692307692307693,0.0,0.07692307692307693,13,134
1992,absurd,3.474447843401748,1,0,0.07692307692307693,0.0,0.07692307692307693,13,134
1992,claustrophobic,3.474447843401748,1,0,0.07692307692307693,0.0,0.07692307692307693,13,134
1992,fantasy,2.8716796248840124,3,2,0.23076923076923078,0.014925373134328358,0.21584385763490244,13,134
1992,gothic,2.5276315944543413,3,3,0.23076923076923078,0.022388059701492536,0.20838117106773824,13,134
1992,avant_garde,2.4442356100570723,2,2,0.15384615384615385,0.014925373134328358,0.1389207807118255,13,134
1992,boring,2.411718387070946,4,5,0.3076923076923077,0.03731343283582089,0.2703788748564868,13,134
1992,allegory,2.3683728335320486,1,1,0.07692307692307693,0.007462686567164179,0.06946039035591275,13,134
1992,bleak,2.3683728335320486,1,1,0.07692307692307693,0.007462686567164179,0.06946039035591275,13,134
1992,action,2.2369123256034618,4,6,0.3076923076923077,0.04477611940298507,0.2629161882893226,13,134
1992,dark,2.085998942225995,4,7,0.3076923076923077,0.05223880597014925,0.25545350172215847,13,134
1992,sadist,2.0603205002330576,3,5,0.23076923076923078,0.03731343283582089,0.1934557979334099,13,134
1992,mystery,1.8855144387655731,3,6,0.23076923076923078,0.04477611940298507,0.18599311136624572,13,134
1992,dramatic,1.8855144387655731,3,6,0.23076923076923078,0.04477611940298507,0.18599311136624572,13,134
1993,depressing,4.084294226368599,2,0,0.14285714285714285,0.0,0.14285714285714285,14,148
1993,home_movie,4.084294226368599,2,0,0.14285714285714285,0.0,0.14285714285714285,14,148
1993,sentimental,3.4965075614664802,1,0,0.07142857142857142,0.0,0.07142857142857142,14,148
1993,thought-provoking,3.4965075614664802,1,0,0.07142857142857142,0.0,0.07142857142857142,14,148
1993,clever,3.4965075614664802,1,0,0.07142857142857142,0.0,0.07142857142857142,14,148
1993,alternate_reality,3.4965075614664802,1,0,0.07142857142857142,0.0,0.07142857142857142,14,148
1993,stupid,2.9789251552376097,2,1,0.14285714285714285,0.006756756756756757,0.1361003861003861,14,148
1993,alternate_history,2.9789251552376097,2,1,0.14285714285714285,0.006756756756756757,0.1361003861003861,14,148
1993,whimsical,2.9789251552376097,2,1,0.14285714285714285,0.006756756756756757,0.1361003861003861,14,148
1993,horror,2.621904250389009,4,4,0.2857142857142857,0.02702702702702703,0.25868725868725867,14,148
1993,fantasy,2.537829051242343,3,3,0.21428571428571427,0.02027027027027027,0.19401544401544402,14,148
1993,dark,2.4612967841488667,2,2,0.14285714285714285,0.013513513513513514,0.12934362934362933,14,148
1993,boring,2.4612967841488667,2,2,0.14285714285714285,0.013513513513513514,0.12934362934362933,14,148
1993,bleak,2.4612967841488667,2,2,0.14285714285714285,0.013513513513513514,0.12934362934362933,14,148
1993,entertaining,2.4185088160602457,6,9,0.42857142857142855,0.060810810810810814,0.36776061776061775,14,148
1994,inspiring,4.343805421853684,3,0,0.21428571428571427,0.0,0.21428571428571427,14,126
1994,plot_twist,3.92395157629342,2,0,0.14285714285714285,0.0,0.14285714285714285,14,126
1994,thought-provoking,3.92395157629342,2,0,0.14285714285714285,0.0,0.14285714285714285,14,126
1994,clever,3.92395157629342,2,0,0.14285714285714285,0.0,0.14285714285714285,14,126
1994,cute,3.92395157629342,2,0,0.14285714285714285,0.0,0.14285714285714285,14,126
1994,western,3.336164911391301,1,0,0.07142857142857142,0.0,0.07142857142857142,14,126
1994,claustrophobic,3.336164911391301,1,0,0.07142857142857142,0.0,0.07142857142857142,14,126
1994,stupid,3.237256583589838,3,1,0.21428571428571427,0.007936507936507936,0.20634920634920634,14,126
1994,action,2.8269021839474986,6,5,0.42857142857142855,0.03968253968253968,0.38888888888888884,14,126
1994,realism,2.817402738029574,2,1,0.14285714285714285,0.007936507936507936,0.1349206349206349,14,126
1994,humor,2.7834105215723977,8,9,0.5714285714285714,0.07142857142857142,0.5,14,126
1994,atmospheric,2.7161803271854605,4,3,0.2857142857142857,0.023809523809523808,0.26190476190476186,14,126
1994,dramatic,2.548622464174108,5,5,0.35714285714285715,0.03968253968253968,0.31746031746031744,14,126
1994,comedy,2.475555706365858,11,27,0.7857142857142857,0.21428571428571427,0.5714285714285714,14,126
1994,mystery,2.456735772821304,4,4,0.2857142857142857,0.031746031746031744,0.25396825396825395,14,126
1995,clever,4.192680462942962,2,0,0.14285714285714285,0.0,0.14285714285714285,14,165
1995,psychological,3.0880075496631614,2,1,0.14285714285714285,0.006060606060606061,0.13679653679653678,14,165
1995,plot_twist,3.0880075496631614,2,1,0.14285714285714285,0.006060606060606061,0.13679653679653678,14,165
1995,atmospheric,2.733129885499234,4,4,0.2857142857142857,0.024242424242424242,0.26147186147186147,14,165
1995,mystery,2.653698038955238,5,6,0.35714285714285715,0.03636363636363636,0.3207792207792208,14,165
1995,dramatic,2.5262479899444417,4,5,0.2857142857142857,0.030303030303030304,0.2554112554112554,14,165
1995,alternate_history,2.5002208847610423,1,1,0.07142857142857142,0.006060606060606061,0.06536796536796537,14,165
1995,haunting,2.5002208847610423,1,1,0.07142857142857142,0.006060606060606061,0.06536796536796537,14,165
1995,sentimental,2.5002208847610423,1,1,0.07142857142857142,0.006060606060606061,0.06536796536796537,14,165
1995,depressing,2.5002208847610423,1,1,0.07142857142857142,0.006060606060606061,0.06536796536796537,14,165
1995,realism,2.5002208847610423,1,1,0.07142857142857142,0.006060606060606061,0.06536796536796537,14,165
1995,claustrophobic,2.5002208847610423,1,1,0.07142857142857142,0.006060606060606061,0.06536796536796537,14,165
1995,action,2.148726768087741,5,10,0.35714285714285715,0.06060606060606061,0.29653679653679654,14,165
1995,dark,2.010657678449472,3,6,0.21428571428571427,0.03636363636363636,0.17792207792207793,14,165
1995,bleak,1.9832976811269334,1,2,0.07142857142857142,0.012121212121212121,0.0593073593073593,14,165
1996,clever,3.9754833593453713,2,0,0.125,0.0,0.125,16,154
1996,cute,3.9754833593453713,2,0,0.125,0.0,0.125,16,154
1996,adult_comedy,3.3979663610807083,1,0,0.0625,0.0,0.0625,16,154
1996,thought-provoking,2.870377541366714,2,1,0.125,0.006493506493506494,0.1185064935064935,16,154
1996,horror,2.870377541366714,2,1,0.125,0.006493506493506494,0.1185064935064935,16,154
1996,entertaining,2.7722867442818773,5,4,0.3125,0.025974025974025976,0.286525974025974,16,154
1996,plot_twist,2.7609471472242957,3,2,0.1875,0.012987012987012988,0.174512987012987,16,154
1996,prank,2.3530159466209377,2,2,0.125,0.012987012987012988,0.11201298701298701,16,154
1996,psychedelic,2.3496100316389086,8,13,0.5,0.08441558441558442,0.4155844155844156,16,154
1996,atmospheric,2.292860543102051,1,1,0.0625,0.006493506493506494,0.056006493506493504,16,154
1996,mystery,2.2413262121068307,5,7,0.3125,0.045454545454545456,0.26704545454545453,16,154
1996,action,2.109360321830072,5,8,0.3125,0.05194805194805195,0.26055194805194803,16,154
1996,suspenseful,2.109360321830072,5,8,0.3125,0.05194805194805195,0.26055194805194803,16,154
1996,dark,2.009964738901682,2,3,0.125,0.01948051948051948,0.10551948051948051,16,154
1996,bleak,2.009964738901682,2,3,0.125,0.01948051948051948,0.10551948051948051,16,154
1997,melodrama,3.9016242982072478,2,0,0.125,0.0,0.125,16,143
1997,stupid,3.3241072999425847,1,0,0.0625,0.0,0.0625,16,143
1997,suicidal,3.3241072999425847,1,0,0.0625,0.0,0.0625,16,143
1997,whimsical,3.3241072999425847,1,0,0.0625,0.0,0.0625,16,143
1997,historical_fiction,3.3241072999425847,1,0,0.0625,0.0,0.0625,16,143
1997,atmospheric,3.298410042078358,5,2,0.3125,0.013986013986013986,0.298513986013986,16,143
1997,cute,3.203950174651525,3,1,0.1875,0.006993006993006993,0.180506993006993,16,143
1997,action,2.8154329621408043,7,6,0.4375,0.04195804195804196,0.395541958041958,16,143
1997,plot_twist,2.796018974048167,2,1,0.125,0.006993006993006993,0.11800699300699301,16,143
1997,inspiring,2.796018974048167,2,1,0.125,0.006993006993006993,0.11800699300699301,16,143
1997,sentimental,2.2781510676567636,2,2,0.125,0.013986013986013986,0.11101398601398602,16,143
1997,sci-fi,2.2781510676567636,2,2,0.125,0.013986013986013986,0.11101398601398602,16,143
1997,blaxploitation,2.218501975783504,1,1,0.0625,0.006993006993006993,0.05550699300699301,16,143
1997,adult_comedy,2.218501975783504,1,1,0.0625,0.006993006993006993,0.05550699300699301,16,143
1997,allegory,2.218501975783504,1,1,0.0625,0.006993006993006993,0.05550699300699301,16,143
1998,anti_war,3.4339872044851463,1,0,0.058823529411764705,0.0,0.058823529411764705,17,170
1998,bleak,2.902838526661295,2,1,0.11764705882352941,0.0058823529411764705,0.11176470588235293,17,170
1998,entertaining,2.8381443205168173,9,10,0.5294117647058824,0.058823529411764705,0.47058823529411764,17,170
1998,stupid,2.512305623976115,4,4,0.23529411764705882,0.023529411764705882,0.21176470588235294,17,170
1998,humor,2.203553712387867,7,12,0.4117647058823529,0.07058823529411765,0.3411764705882353,17,170
1998,avant_garde,2.043671090718707,2,3,0.11764705882352941,0.01764705882352941,0.1,17,170
1998,action,1.9832976811269336,4,7,0.23529411764705882,0.041176470588235294,0.19411764705882353,17,170
1998,prank,1.8127497451198904,1,2,0.058823529411764705,0.011764705882352941,0.047058823529411764,17,170
1998,feel-good,1.8127497451198904,1,2,0.058823529411764705,0.011764705882352941,0.047058823529411764,17,170
1998,absurd,1.8127497451198904,1,2,0.058823529411764705,0.011764705882352941,0.047058823529411764,17,170
1998,brainwashing,1.8127497451198904,1,2,0.058823529411764705,0.011764705882352941,0.047058823529411764,17,170
1998,thought-provoking,1.7863686205931784,2,4,0.11764705882352941,0.023529411764705882,0.09411764705882353,17,170
1998,boring,1.6605242888638827,3,7,0.17647058823529413,0.041176470588235294,0.13529411764705884,17,170
1998,dramatic,1.6605242888638827,3,7,0.17647058823529413,0.041176470588235294,0.13529411764705884,17,170
1998,cute,1.6605242888638827,3,7,0.17647058823529413,0.041176470588235294,0.13529411764705884,17,170
1999,whimsical,4.251520962965896,3,0,0.15789473684210525,0.0,0.15789473684210525,19,165
1999,magical_realism,3.8562082263217494,2,0,0.10526315789473684,0.0,0.10526315789473684,19,165
1999,autobiographical,3.289812751400948,1,0,0.05263157894736842,0.0,0.05263157894736842,19,165
1999,sentimental,2.9437596313142262,4,2,0.21052631578947367,0.012121212121212121,0.19840510366826156,19,165
1999,thought-provoking,2.9437596313142262,4,2,0.21052631578947367,0.012121212121212121,0.19840510366826156,19,165
1999,fantasy,2.868514476086321,5,3,0.2631578947368421,0.01818181818181818,0.2449760765550239,19,165
1999,dramatic,2.8627202265656546,7,5,0.3684210526315789,0.030303030303030304,0.3381180223285486,19,165
1999,pornographic,2.7515353130419484,2,1,0.10526315789473684,0.006060606060606061,0.09920255183413078,19,165
1999,clever,2.7515353130419484,2,1,0.10526315789473684,0.006060606060606061,0.09920255183413078,19,165
1999,cute,2.7515353130419484,2,1,0.10526315789473684,0.006060606060606061,0.09920255183413078,19,165
1999,atmospheric,2.642658341788853,6,5,0.3157894736842105,0.030303030303030304,0.28548644338118023,19,165
1999,plot_twist,2.6299248460519857,3,2,0.15789473684210525,0.012121212121212121,0.14577352472089314,19,165
1999,dark,2.4693542367805157,6,6,0.3157894736842105,0.03636363636363636,0.27942583732057413,19,165
1999,boring,2.4693542367805157,6,6,0.3157894736842105,0.03636363636363636,0.27942583732057413,19,165
1999,psychological,2.2308411881352046,5,6,0.2631578947368421,0.03636363636363636,0.22679425837320571,19,165
2000,clever,3.933013281319982,2,0,0.1111111111111111,0.0,0.1111111111111111,18,168
2000,psychological,3.300762984340385,5,2,0.2777777777777778,0.011904761904761904,0.26587301587301587,18,168
2000,bleak,3.2274411877271243,3,1,0.16666666666666666,0.005952380952380952,0.1607142857142857,18,168
2000,stupid,2.3681311708919166,3,3,0.16666666666666666,0.017857142857142856,0.1488095238095238,18,168
2000,atmospheric,2.3681311708919166,3,3,0.16666666666666666,0.017857142857142856,0.1488095238095238,18,168
2000,plot_twist,2.3116349285139637,2,2,0.1111111111111111,0.011904761904761904,0.0992063492063492,18,168
2000,whimsical,2.258782470335653,1,1,0.05555555555555555,0.005952380952380952,0.0496031746031746,18,168
2000,entertaining,2.223804215140931,9,16,0.5,0.09523809523809523,0.40476190476190477,18,168
2000,dark,2.221993645448628,4,5,0.2222222222222222,0.02976190476190476,0.19246031746031744,18,168
2000,fantasy,2.110756117999319,3,4,0.16666666666666666,0.023809523809523808,0.14285714285714285,18,168
2000,sentimental,1.9691385772893697,2,3,0.1111111111111111,0.017857142857142856,0.09325396825396826,18,168
2000,cult,1.9431968522444951,12,36,0.6666666666666666,0.21428571428571427,0.45238095238095233,18,168
2000,boring,1.9228105304124457,5,9,0.2777777777777778,0.05357142857142857,0.22420634920634921,18,168
2000,humor,1.8734008982652885,6,12,0.3333333333333333,0.07142857142857142,0.26190476190476186,18,168
2000,prank,1.7419688047250395,1,2,0.05555555555555555,0.011904761904761904,0.04365079365079365,18,168
2001,whimsical,3.962099343408323,2,0,0.1,0.0,0.1,20,194
2001,inspiring,3.962099343408323,2,0,0.1,0.0,0.1,20,194
2001,magical_realism,3.2503744919275714,3,1,0.15,0.005154639175257732,0.14484536082474225,20,194
2001,clever,3.2503744919275714,3,1,0.15,0.005154639175257732,0.14484536082474225,20,194
2001,feel-good,2.858332404151548,2,1,0.1,0.005154639175257732,0.09484536082474228,20,194
2001,avant_garde,2.858332404151548,2,1,0.1,0.005154639175257732,0.09484536082474228,20,194
2001,mystery,2.6310891599660815,7,7,0.35,0.03608247422680412,0.31391752577319587,20,194
2001,dramatic,2.6310891599660815,7,7,0.35,0.03608247422680412,0.31391752577319587,20,194
2001,atmospheric,2.416529352343263,6,7,0.3,0.03608247422680412,0.2639175257731959,20,194
2001,cute,2.3926869276912317,3,3,0.15,0.015463917525773196,0.1345360824742268,20,194
2001,fantasy,2.3839764185388757,7,9,0.35,0.04639175257731959,0.3036082474226804,20,194
2001,plot_twist,2.3423254216435603,2,2,0.1,0.010309278350515464,0.08969072164948454,20,194
2001,allegory,2.3423254216435603,2,2,0.1,0.010309278350515464,0.08969072164948454,20,194
2001,claustrophobic,2.294863046900135,1,1,0.05,0.005154639175257732,0.04484536082474227,20,194
2001,action,2.286018603062662,6,8,0.3,0.041237113402061855,0.2587628865979381,20,194
2002,action,2.8305206463673076,11,12,0.5238095238095238,0.05853658536585366,0.4652729384436702,21,205
2002,mystery,2.8132625576368673,8,7,0.38095238095238093,0.03414634146341464,0.34680603948896627,21,205
2002,stupid,2.7343675094195836,3,2,0.14285714285714285,0.00975609756097561,0.13310104529616723,21,205
2002,good_versus_evil,2.5549742124047174,6,6,0.2857142857142857,0.02926829268292683,0.25644599303135884,21,205
2002,suicidal,2.3001430893384938,1,1,0.047619047619047616,0.004878048780487805,0.042740998838559814,21,205
2002,home_movie,2.3001430893384938,1,1,0.047619047619047616,0.004878048780487805,0.042740998838559814,21,205
2002,anti_war,2.3001430893384938,1,1,0.047619047619047616,0.004878048780487805,0.042740998838559814,21,205
2002,atmospheric,2.0658885752751326,4,6,0.19047619047619047,0.02926829268292683,0.16120789779326364,21,205
2002,cult,1.9132886433421539,12,33,0.5714285714285714,0.16097560975609757,0.4104529616724738,21,205
2002,tragedy,1.825572833593833,5,10,0.23809523809523808,0.04878048780487805,0.18931475029036005,21,205
2002,fantasy,1.7875489366917114,4,8,0.19047619047619047,0.03902439024390244,0.15145180023228802,21,205
2002,allegory,1.7844154949722966,1,2,0.047619047619047616,0.00975609756097561,0.037862950058072005,21,205
2002,feel-good,1.7844154949722966,1,2,0.047619047619047616,0.00975609756097561,0.037862950058072005,21,205
2002,sci-fi,1.7590042958394159,3,6,0.14285714285714285,0.02926829268292683,0.11358885017421602,21,205
2002,horror,1.6712471485496265,4,9,0.19047619047619047,0.04390243902439024,0.14657375145180024,21,205
2003,magical_realism,3.3704983947733487,1,0,0.045454545454545456,0.0,0.045454545454545456,22,208
2003,historical_fiction,3.3704983947733487,1,0,0.045454545454545456,0.0,0.045454545454545456,22,208
2003,fantasy,3.090553575323646,7,4,0.3181818181818182,0.019230769230769232,0.29895104895104896,22,208
2003,feel-good,2.8255320772923813,2,1,0.09090909090909091,0.004807692307692308,0.08610139860139861,22,208
2003,action,2.7706369007767497,12,14,0.5454545454545454,0.0673076923076923,0.4781468531468531,22,208
2003,entertaining,2.506234849627254,12,18,0.5454545454545454,0.08653846153846154,0.45891608391608385,22,208
2003,mystery,2.3593281568395295,6,7,0.2727272727272727,0.03365384615384615,0.23907342657342656,22,208
2003,thought-provoking,2.309875526256725,2,2,0.09090909090909091,0.009615384615384616,0.0812937062937063,22,208
2003,alternate_history,2.267078404537136,1,1,0.045454545454545456,0.004807692307692308,0.04064685314685315,22,208
2003,whimsical,2.267078404537136,1,1,0.045454545454545456,0.004807692307692308,0.04064685314685315,22,208
2003,claustrophobic,2.267078404537136,1,1,0.045454545454545456,0.004807692307692308,0.04064685314685315,22,208
2003,boring,2.218333540546454,10,17,0.45454545454545453,0.08173076923076923,0.3728146853146853,22,208
2003,cute,2.0988390816322493,3,4,0.13636363636363635,0.019230769230769232,0.11713286713286712,22,208
2003,allegory,1.9685489111707142,2,3,0.09090909090909091,0.014423076923076924,0.07648601398601398,22,208
2003,absurd,1.9685489111707142,2,3,0.09090909090909091,0.014423076923076924,0.07648601398601398,22,208
2004,clever,2.7385869249622914,3,2,0.125,0.008368200836820083,0.11663179916317992,24,239
2004,western,2.3173688891782827,1,1,0.041666666666666664,0.0041841004184100415,0.037482566248256625,24,239
2004,claustrophobic,2.3173688891782827,1,1,0.041666666666666664,0.0041841004184100415,0.037482566248256625,24,239
2004,thought-provoking,2.2363600062798206,4,5,0.16666666666666666,0.02092050209205021,0.14574616457461645,24,239
2004,action,2.1834874579384023,9,15,0.375,0.06276150627615062,0.3122384937238494,24,239
2004,cult,2.087339705824006,13,30,0.5416666666666666,0.12552301255230125,0.4161436541143654,24,239
2004,sci-fi,2.0650324108392724,4,6,0.16666666666666666,0.02510460251046025,0.1415620641562064,24,239
2004,humor,1.8794320032665626,8,17,0.3333333333333333,0.07112970711297072,0.2622036262203626,24,239
2004,entertaining,1.8515143997300703,10,24,0.4166666666666667,0.100418410041841,0.3162482566248257,24,239
2004,fantasy,1.8188613990058464,5,10,0.20833333333333334,0.04184100418410042,0.16649232914923293,24,239
2004,sentimental,1.7660899335691116,3,6,0.125,0.02510460251046025,0.09989539748953975,24,239
2004,paranormal,1.760408939343979,2,4,0.08333333333333333,0.016736401673640166,0.06659693165969316,24,239
2004,boring,1.7310419009737255,9,23,0.375,0.09623430962343096,0.27876569037656906,24,239
2004,dramatic,1.6353539970137076,7,18,0.2916666666666667,0.07531380753138076,0.21635285913528593,24,239
2004,stupid,1.6186972378468971,3,7,0.125,0.029288702928870293,0.09571129707112971,24,239
2005,whimsical,2.754867261147426,2,1,0.07407407407407407,0.004149377593360996,0.06992469648071307,27,241
2005,comic,2.754867261147426,2,1,0.07407407407407407,0.004149377593360996,0.06992469648071307,27,241
2005,action,2.4870782033015084,10,11,0.37037037037037035,0.04564315352697095,0.3247272168433994,27,241
2005,dark,2.4370307017419712,7,7,0.25925925925925924,0.029045643153526972,0.23021361610573227,27,241
2005,adult_comedy,2.205575356553639,1,1,0.037037037037037035,0.004149377593360996,0.03288765944367604,27,241
2005,absurd,2.205575356553639,1,1,0.037037037037037035,0.004149377593360996,0.03288765944367604,27,241
2005,gothic,2.0337853503721197,5,7,0.18518518518518517,0.029045643153526972,0.1561395420316582,27,241
2005,entertaining,1.817019135987293,10,21,0.37037037037037035,0.08713692946058091,0.2832334409097894,27,241
2005,stupid,1.815289966638249,3,5,0.1111111111111111,0.02074688796680498,0.09036422314430613,27,241
2005,melodrama,1.815289966638249,3,5,0.1111111111111111,0.02074688796680498,0.09036422314430613,27,241
2005,realism,1.815289966638249,3,5,0.1111111111111111,0.02074688796680498,0.09036422314430613,27,241
2005,fantasy,1.8016530688354733,6,11,0.2222222222222222,0.04564315352697095,0.17657906869525125,27,241
2005,claustrophobic,1.6905830600928033,1,2,0.037037037037037035,0.008298755186721992,0.028738281850315045,27,241
2005,boring,1.6041643339631635,8,19,0.2962962962962963,0.07883817427385892,0.21745812202243736,27,241
2005,horror,1.5891366100955497,5,11,0.18518518518518517,0.04564315352697095,0.13954203165821422,27,241
2006,allegory,3.0851184180038187,3,1,0.09375,0.0036101083032490976,0.0901398916967509,32,277
2006,depressing,2.856470206220483,4,2,0.125,0.007220216606498195,0.1177797833935018,32,277
2006,sci-fi,2.856470206220483,4,2,0.125,0.007220216606498195,0.1177797833935018,32,277
2006,mystery,2.8264513399287803,9,6,0.28125,0.021660649819494584,0.25958935018050544,32,277
2006,magical_realism,2.715309761115014,2,1,0.0625,0.0036101083032490976,0.0588898916967509,32,277
2006,plot_twist,2.715309761115014,2,1,0.0625,0.0036101083032490976,0.0588898916967509,32,277
2006,clever,2.516361601955886,4,3,0.125,0.010830324909747292,0.1141696750902527,32,277
2006,feel-good,2.2008609449796035,2,2,0.0625,0.007220216606498195,0.05527978339350181,32,277
2006,whimsical,2.172223275130802,1,1,0.03125,0.0036101083032490976,0.027639891696750903,32,277
2006,queer,2.172223275130802,1,1,0.03125,0.0036101083032490976,0.027639891696750903,32,277
2006,historical_fiction,2.172223275130802,1,1,0.03125,0.0036101083032490976,0.027639891696750903,32,277
2006,historical,1.9759311653101712,5,7,0.15625,0.02527075812274368,0.13097924187725632,32,277
2006,good_versus_evil,1.9759311653101712,5,7,0.15625,0.02527075812274368,0.13097924187725632,32,277
2006,action,1.9165446117995597,8,13,0.25,0.04693140794223827,0.20306859205776173,32,277
2006,thought-provoking,1.8607523407150062,2,3,0.0625,0.010830324909747292,0.051669675090252706,32,277
2007,haunting,2.7580606216768717,2,1,0.058823529411764705,0.003246753246753247,0.05557677616501146,34,308
2007,action,2.463435965391124,9,9,0.2647058823529412,0.02922077922077922,0.23548510313216195,34,308
2007,entertaining,2.4233436887629938,12,14,0.35294117647058826,0.045454545454545456,0.3074866310160428,34,308
2007,atmospheric,2.3945840114947146,7,7,0.20588235294117646,0.022727272727272728,0.18315508021390373,34,308
2007,historical_fiction,2.2439776660405744,2,2,0.058823529411764705,0.006493506493506494,0.05233002291825821,34,308
2007,adult_comedy,2.216929648415552,1,1,0.029411764705882353,0.003246753246753247,0.026165011459129105,34,308
2007,clever,2.216929648415552,1,1,0.029411764705882353,0.003246753246753247,0.026165011459129105,34,308
2007,depressing,2.0173691130374585,3,4,0.08823529411764706,0.012987012987012988,0.07524828113063407,34,308
2007,boring,1.965541264473875,10,17,0.29411764705882354,0.05519480519480519,0.23892284186401835,34,308
2007,dark,1.9266298137322129,4,6,0.11764705882352941,0.01948051948051948,0.09816653934300992,34,308
2007,humor,1.7458720647165842,10,21,0.29411764705882354,0.06818181818181818,0.22593582887700536,34,308
2007,fantasy,1.711847369534852,7,14,0.20588235294117646,0.045454545454545456,0.160427807486631,34,308
2007,comic,1.7028466927792545,1,2,0.029411764705882353,0.006493506493506494,0.022918258212375857,34,308
2007,feel-good,1.7028466927792545,1,2,0.029411764705882353,0.006493506493506494,0.022918258212375857,34,308
2007,claustrophobic,1.7028466927792545,1,2,0.029411764705882353,0.006493506493506494,0.022918258212375857,34,308
2008,suicidal,3.1831776673478154,1,0,0.02702702702702703,0.0,0.02702702702702703,37,293
2008,action,2.9546229857128417,11,6,0.2972972972972973,0.020477815699658702,0.2768194815976386,37,293
2008,good_versus_evil,2.7612542371656743,7,4,0.1891891891891892,0.013651877133105802,0.1755373120560834,37,293
2008,melodrama,2.4705529183744455,3,2,0.08108108108108109,0.006825938566552901,0.07425514251452818,37,293
2008,realism,2.387585903139509,5,4,0.13513513513513514,0.013651877133105802,0.12148325800202935,37,293
2008,cute,2.381761624779733,6,5,0.16216216216216217,0.017064846416382253,0.14509731574577991,37,293
2008,sentimental,2.211235314405817,6,6,0.16216216216216217,0.020477815699658702,0.14168434646250347,37,293
2008,magical_realism,2.1055073093091767,2,2,0.05405405405405406,0.006825938566552901,0.04722811548750116,37,293
2008,feel-good,2.1055073093091767,2,2,0.05405405405405406,0.006825938566552901,0.04722811548750116,37,293
2008,comic,2.0811524060834654,1,1,0.02702702702702703,0.0034129692832764505,0.02361405774375058,37,293
2008,historical_fiction,2.0811524060834654,1,1,0.02702702702702703,0.0034129692832764505,0.02361405774375058,37,293
2008,dramatic,1.79850785214619,7,11,0.1891891891891892,0.03754266211604096,0.15164652707314824,37,293
2008,mystery,1.7376838685025278,5,8,0.13513513513513514,0.027303754266211604,0.10783138086892353,37,293
2008,cult,1.6783821370772272,15,33,0.40540540540540543,0.11262798634812286,0.29277741905728255,37,293
2008,gothic,1.671750638167783,3,5,0.08108108108108109,0.017064846416382253,0.06401623466469883,37,293
2009,allegory,3.7612001156935624,2,0,0.05128205128205128,0.0,0.05128205128205128,39,322
2009,alternate_history,3.302077135864414,4,1,0.10256410256410256,0.003105590062111801,0.09945851250199075,39,322
2009,depressing,2.4159864641648916,6,5,0.15384615384615385,0.015527950310559006,0.13831820353559485,39,322
2009,boring,2.391327104686274,16,19,0.41025641025641024,0.059006211180124224,0.351250199076286,39,322
2009,action,2.2691158335546437,12,14,0.3076923076923077,0.043478260869565216,0.2642140468227425,39,322
2009,good_versus_evil,2.266037296676007,10,11,0.2564102564102564,0.034161490683229816,0.22224876572702656,39,322
2009,whimsical,2.169445013229143,3,3,0.07692307692307693,0.009316770186335404,0.06760630673674152,39,322
2009,feel-good,2.1455413433843593,2,2,0.05128205128205128,0.006211180124223602,0.04507087115782768,39,322
2009,clever,2.1455413433843593,2,2,0.05128205128205128,0.006211180124223602,0.04507087115782768,39,322
2009,suicidal,2.122339302383936,1,1,0.02564102564102564,0.003105590062111801,0.02253543557891384,39,322
2009,magical_realism,2.122339302383936,1,1,0.02564102564102564,0.003105590062111801,0.02253543557891384,39,322
2009,historical_fiction,2.122339302383936,1,1,0.02564102564102564,0.003105590062111801,0.02253543557891384,39,322
2009,sci-fi,1.9149957861428661,3,4,0.07692307692307693,0.012422360248447204,0.06450071667462973,39,322
2009,thought-provoking,1.8200657649775436,4,6,0.10256410256410256,0.018633540372670808,0.08393056219143175,39,322
2009,comic,1.805944104220011,2,3,0.05128205128205128,0.009316770186335404,0.04196528109571587,39,322
2010,whimsical,3.0665416759673407,1,0,0.02564102564102564,0.0,0.02564102564102564,39,275
2010,alternate_reality,2.8587996581889916,5,2,0.1282051282051282,0.007272727272727273,0.12093240093240092,39,275
2010,action,2.842275213503788,19,14,0.48717948717948717,0.05090909090909091,0.43627039627039627,39,275
2010,fantasy,2.54149635093439,11,8,0.28205128205128205,0.02909090909090909,0.25296037296037294,39,275
2010,feel-good,2.3504615978948027,3,2,0.07692307692307693,0.007272727272727273,0.06965034965034965,39,275
2010,inspiring,2.3504615978948027,3,2,0.07692307692307693,0.007272727272727273,0.06965034965034965,39,275
2010,good_versus_evil,2.1791040362230247,12,13,0.3076923076923077,0.04727272727272727,0.26041958041958047,39,275
2010,psychological,2.03442944289262,4,4,0.10256410256410256,0.014545454545454545,0.08801864801864802,39,275
2010,psychedelic,2.0134148072314804,15,21,0.38461538461538464,0.07636363636363637,0.3082517482517483,39,275
2010,clever,2.0103263535148526,3,3,0.07692307692307693,0.01090909090909091,0.06601398601398602,39,275
2010,allegory,1.9642930196558472,1,1,0.02564102564102564,0.0036363636363636364,0.022004662004662005,39,275
2010,comic,1.9642930196558472,1,1,0.02564102564102564,0.0036363636363636364,0.022004662004662005,39,275
2010,brainwashing,1.9642930196558472,1,1,0.02564102564102564,0.0036363636363636364,0.022004662004662005,39,275
2010,philosophical,1.6593109137423645,4,6,0.10256410256410256,0.02181818181818182,0.08074592074592074,39,275
2010,prank,1.6468254445057204,2,3,0.05128205128205128,0.01090909090909091,0.04037296037296037,39,275
2011,magical_realism,2.830374449317791,1,0,0.023809523809523808,0.0,0.023809523809523808,42,234
2011,thought-provoking,2.6241792655890794,3,1,0.07142857142857142,0.004273504273504274,0.06715506715506715,42,234
2011,realism,2.3860186486357917,4,2,0.09523809523809523,0.008547008547008548,0.08669108669108669,42,234
2011,boring,2.3025232481627076,18,16,0.42857142857142855,0.06837606837606838,0.36019536019536014,42,234
2011,sci-fi,2.2722240642929807,5,3,0.11904761904761904,0.01282051282051282,0.10622710622710622,42,234
2011,cute,2.1090617897415482,3,2,0.07142857142857142,0.008547008547008548,0.06288156288156288,42,234
2011,atmospheric,2.045236060513456,4,3,0.09523809523809523,0.01282051282051282,0.08241758241758242,42,234
2011,feel-good,2.045236060513456,4,3,0.09523809523809523,0.01282051282051282,0.08241758241758242,42,234
2011,psychedelic,2.0100796528817853,15,16,0.35714285714285715,0.06837606837606838,0.28876678876678874,42,234
2011,good_versus_evil,1.8022468097943054,9,10,0.21428571428571427,0.042735042735042736,0.17155067155067155,42,234
2011,entertaining,1.7745388714763843,15,20,0.35714285714285715,0.08547008547008547,0.2716727716727717,42,234
2011,alternate_history,1.7475882509149177,2,2,0.047619047619047616,0.008547008547008548,0.03907203907203907,42,234
2011,inspiring,1.7475882509149177,2,2,0.047619047619047616,0.008547008547008548,0.03907203907203907,42,234
2011,whimsical,1.7274886498722992,1,1,0.023809523809523808,0.004273504273504274,0.019536019536019536,42,234
2011,western,1.7274886498722992,1,1,0.023809523809523808,0.004273504273504274,0.019536019536019536,42,234
2012,blaxploitation,2.830374449317791,1,0,0.023809523809523808,0.0,0.023809523809523808,42,234
2012,melodrama,2.830374449317791,1,0,0.023809523809523808,0.0,0.023809523809523808,42,234
2012,western,2.830374449317791,1,0,0.023809523809523808,0.0,0.023809523809523808,42,234
2012,action,2.693244008250596,16,9,0.38095238095238093,0.038461538461538464,0.3424908424908425,42,234
2012,good_versus_evil,2.6012901050899604,10,5,0.23809523809523808,0.021367521367521368,0.2167277167277167,42,234
2012,plot_twist,2.466306821344066,6,3,0.14285714285714285,0.01282051282051282,0.13003663003663002,42,234
2012,atmospheric,2.2722240642929807,5,3,0.11904761904761904,0.01282051282051282,0.10622710622710622,42,234
2012,stupid,2.1090617897415482,3,2,0.07142857142857142,0.008547008547008548,0.06288156288156288,42,234
2012,tragedy,2.1090617897415482,3,2,0.07142857142857142,0.008547008547008548,0.06288156288156288,42,234
2012,brainwashing,2.1090617897415482,3,2,0.07142857142857142,0.008547008547008548,0.06288156288156288,42,234
2012,humor,1.9057348647356962,12,13,0.2857142857142857,0.05555555555555555,0.23015873015873015,42,234
2012,entertaining,1.8864738346109406,15,18,0.35714285714285715,0.07692307692307693,0.2802197802197802,42,234
2012,boring,1.7493336251258256,10,12,0.23809523809523808,0.05128205128205128,0.18681318681318682,42,234
2012,alternate_history,1.7274886498722992,1,1,0.023809523809523808,0.004273504273504274,0.019536019536019536,42,234
2012,adult_comedy,1.7274886498722992,1,1,0.023809523809523808,0.004273504273504274,0.019536019536019536,42,234
2013,thought-provoking,3.281396181849535,2,0,0.041666666666666664,0.0,0.041666666666666664,48,247
2013,whimsical,2.749293159636259,1,0,0.020833333333333332,0.0,0.020833333333333332,48,247
2013,action,2.5434836799108456,12,6,0.25,0.024291497975708502,0.2257085020242915,48,247
2013,inspiring,2.1787353046554254,2,1,0.041666666666666664,0.004048582995951417,0.037618083670715244,48,247
2013,sci-fi,2.113337646717591,6,4,0.125,0.016194331983805668,0.10880566801619433,48,247
2013,humor,1.7744088180089683,14,16,0.2916666666666667,0.06477732793522267,0.226889338731444,48,247
2013,fantasy,1.7570266623091633,7,7,0.14583333333333334,0.02834008097165992,0.11749325236167342,48,247
2013,boring,1.7539883715410562,11,12,0.22916666666666666,0.048582995951417005,0.18058367071524967,48,247
2013,realism,1.7182407722828996,5,5,0.10416666666666667,0.020242914979757085,0.08392375168690959,48,247
2013,stupid,1.6815029829580221,3,3,0.0625,0.012145748987854251,0.050354251012145745,48,247
2013,suspenseful,1.6727720048347896,11,13,0.22916666666666666,0.05263157894736842,0.17653508771929824,48,247
2013,good_versus_evil,1.6727720048347896,11,13,0.22916666666666666,0.05263157894736842,0.17653508771929824,48,247
2013,allegory,1.6638446346412645,2,2,0.041666666666666664,0.008097165991902834,0.03356950067476383,48,247
2013,clever,1.6466322824421495,1,1,0.020833333333333332,0.004048582995951417,0.016784750337381915,48,247
2013,anti_war,1.6466322824421495,1,1,0.020833333333333332,0.004048582995951417,0.016784750337381915,48,247
2014,whimsical,3.4047509308708133,3,0,0.05555555555555555,0.0,0.05555555555555555,54,221
2014,action,2.993300926699953,18,5,0.3333333333333333,0.02262443438914027,0.31070889894419307,54,221
2014,realism,2.572536647273696,4,1,0.07407407407407407,0.004524886877828055,0.06954918719624602,54,221
2014,inspiring,2.519353224251339,1,0,0.018518518518518517,0.0,0.018518518518518517,54,221
2014,historical_fiction,2.519353224251339,1,0,0.018518518518518517,0.0,0.018518518518518517,54,221
2014,sci-fi,2.465299879599225,6,2,0.1111111111111111,0.00904977375565611,0.102061337355455,54,221
2014,dramatic,2.3016137476044136,3,1,0.05555555555555555,0.004524886877828055,0.0510306686777275,54,221
2014,psychedelic,2.288110021190533,15,8,0.2777777777777778,0.03619909502262444,0.24157868275515335,54,221
2014,sentimental,2.057165561136031,4,2,0.07407407407407407,0.00904977375565611,0.06502430031841797,54,221
2014,comic,1.945910149055313,2,1,0.037037037037037035,0.004524886877828055,0.03251215015920898,54,221
2014,clever,1.945910149055313,2,1,0.037037037037037035,0.004524886877828055,0.03251215015920898,54,221
2014,alternate_reality,1.945910149055313,2,1,0.037037037037037035,0.004524886877828055,0.03251215015920898,54,221
2014,good_versus_evil,1.8931567664469742,11,8,0.2037037037037037,0.03619909502262444,0.16750460868107925,54,221
2014,psychological,1.7862426614667486,3,2,0.05555555555555555,0.00904977375565611,0.04650578179989944,54,221
2014,brainwashing,1.7862426614667486,3,2,0.05555555555555555,0.00904977375565611,0.04650578179989944,54,221
2015,stupid,3.042108435344142,2,0,0.04878048780487805,0.0,0.04878048780487805,41,165
2015,sentimental,2.5062815093727338,1,0,0.024390243902439025,0.0,0.024390243902439025,41,165
2015,anti_war,2.5062815093727338,1,0,0.024390243902439025,0.0,0.024390243902439025,41,165
2015,historical_fiction,2.5062815093727338,1,0,0.024390243902439025,0.0,0.024390243902439025,41,165
2015,humor,2.143597559602449,9,5,0.21951219512195122,0.030303030303030304,0.18920916481892092,41,165
2015,good_versus_evil,2.0545498095434915,13,9,0.3170731707317073,0.05454545454545454,0.26252771618625276,41,165
2015,action,1.9374355220643409,2,1,0.04878048780487805,0.006060606060606061,0.04271988174427199,41,165
2015,gothic,1.7826269856647823,3,2,0.07317073170731707,0.012121212121212121,0.061049519586104946,41,165
2015,suspenseful,1.6772605087728616,13,13,0.3170731707317073,0.07878787878787878,0.23828529194382853,41,165
2015,tragedy,1.4400197604760536,3,3,0.07317073170731707,0.01818181818181818,0.05498891352549889,41,165
2015,psychological,1.4016085960929328,1,1,0.024390243902439025,0.006060606060606061,0.018329637841832964,41,165
2015,pornographic,1.4016085960929328,1,1,0.024390243902439025,0.006060606060606061,0.018329637841832964,41,165
2015,intrigue,1.4016085960929328,1,1,0.024390243902439025,0.006060606060606061,0.018329637841832964,41,165
2015,brainwashing,1.4016085960929328,1,1,0.024390243902439025,0.006060606060606061,0.018329637841832964,41,165
2015,comedy,1.2478246868547853,10,14,0.24390243902439024,0.08484848484848485,0.1590539541759054,41,165
2016,claustrophobic,2.5397710014312938,2,0,0.0392156862745098,0.0,0.0392156862745098,51,125
2016,fantasy,2.5397710014312938,2,0,0.0392156862745098,0.0,0.0392156862745098,51,125
2016,insanity,2.062188293532277,4,1,0.0784313725490196,0.008,0.0704313725490196,51,125
2016,brainwashing,2.062188293532277,4,1,0.0784313725490196,0.008,0.0704313725490196,51,125
2016,action,2.008944710958634,1,0,0.0196078431372549,0.0,0.0196078431372549,51,125
2016,whimsical,2.008944710958634,1,0,0.0196078431372549,0.0,0.0196078431372549,51,125
2016,allegory,2.008944710958634,1,0,0.0196078431372549,0.0,0.0196078431372549,51,125
2016,good_versus_evil,1.8278410312914146,17,9,0.3333333333333333,0.072,0.2613333333333333,51,125
2016,historical_fiction,1.7900397783485285,3,1,0.058823529411764705,0.008,0.050823529411764705,51,125
2016,sci-fi,1.7652462038389918,5,2,0.09803921568627451,0.016,0.08203921568627451,51,125
2016,humor,1.5371960243967988,10,6,0.19607843137254902,0.048,0.148078431372549,51,125
2016,psychedelic,1.5371960243967988,10,6,0.19607843137254902,0.048,0.148078431372549,51,125
2016,alternate_history,1.4331586700961085,2,1,0.0392156862745098,0.008,0.031215686274509803,51,125
2016,home_movie,1.4331586700961085,2,1,0.0392156862745098,0.008,0.031215686274509803,51,125
2016,anti_war,1.4331586700961085,2,1,0.0392156862745098,0.008,0.031215686274509803,51,125
2017,horror,2.2102117728630306,2,0,0.2,0.0,0.2,10,15
2017,neo_noir,2.2102117728630306,2,0,0.2,0.0,0.2,10,15
2017,violence,2.1620450702150458,8,4,0.8,0.26666666666666666,0.5333333333333334,10,15
2017,humor,1.5881605139868153,1,0,0.1,0.0,0.1,10,15
2017,fantasy,1.5881605139868153,1,0,0.1,0.0,0.1,10,15
2017,tragedy,1.5881605139868153,1,0,0.1,0.0,0.1,10,15
2017,melodrama,1.5881605139868153,1,0,0.1,0.0,0.1,10,15
2017,historical_fiction,1.5881605139868153,1,0,0.1,0.0,0.1,10,15
2017,comedy,1.0449081096962485,2,1,0.2,0.06666666666666667,0.13333333333333336,10,15
2017,sci-fi,1.0449081096962485,2,1,0.2,0.06666666666666667,0.13333333333333336,10,15
2017,suspenseful,1.0449081096962485,2,1,0.2,0.06666666666666667,0.13333333333333336,10,15
2017,flashback,0.9242589015233321,3,2,0.3,0.13333333333333333,0.16666666666666666,10,15
2017,satire,0.4228568508200332,1,1,0.1,0.06666666666666667,0.03333333333333334,10,15
2017,sadist,0.4228568508200332,1,1,0.1,0.06666666666666667,0.03333333333333334,10,15
2017,insanity,0.4228568508200332,1,1,0.1,0.06666666666666667,0.03333333333333334,10,15
2018,dark,1.0986122886681096,1,0,0.3333333333333333,0.0,0.3333333333333333,3,2
2018,sci-fi,1.0986122886681096,1,0,0.3333333333333333,0.0,0.3333333333333333,3,2
2018,murder,0.5108256237659907,2,1,0.6666666666666666,0.5,0.16666666666666663,3,2
2018,paranormal,-1.9459101490553135,0,1,0.0,0.5,-0.5,3,2
2018,romantic,-1.9459101490553135,0,1,0.0,0.5,-0.5,3,2
2018,flashback,-1.9459101490553135,0,1,0.0,0.5,-0.5,3,2
