year,group,count_all,N,pol_total,rate_all,group_share_within_political,count_hit,rate_hit,N_all,N_hit,N_rest,count_rest,rate_rest,gap_rate,ratio_rate
1970,economy_finance_crisis,4,41,63,0.0975609756097561,0.06349206349206349,0.0,0.0,41,9,32,4.0,0.125,-0.125,0.0
1970,inequality_corruption_elites,4,41,63,0.0975609756097561,0.06349206349206349,0.0,0.0,41,9,32,4.0,0.125,-0.125,0.0
1970,institutions_elections_law,12,41,63,0.2926829268292683,0.19047619047619047,4.0,0.4444444444444444,41,9,32,8.0,0.25,0.19444444444444442,1.7777777777777777
1970,labor_collective_action,3,41,63,0.07317073170731707,0.047619047619047616,1.0,0.1111111111111111,41,9,32,2.0,0.0625,0.048611111111111105,1.7777777777777777
1970,migration_police_civilrights,9,41,63,0.21951219512195122,0.14285714285714285,0.0,0.0,41,9,32,9.0,0.28125,-0.28125,0.0
1970,war_security_intel,31,41,63,0.7560975609756098,0.49206349206349204,14.0,1.5555555555555556,41,9,32,17.0,0.53125,1.0243055555555556,2.928104575163399
1971,economy_finance_crisis,5,46,71,0.10869565217391304,0.07042253521126761,0.0,0.0,46,13,33,5.0,0.15151515151515152,-0.15151515151515152,0.0
1971,inequality_corruption_elites,2,46,71,0.043478260869565216,0.028169014084507043,0.0,0.0,46,13,33,2.0,0.06060606060606061,-0.06060606060606061,0.0
1971,institutions_elections_law,12,46,71,0.2608695652173913,0.16901408450704225,2.0,0.15384615384615385,46,13,33,10.0,0.30303030303030304,-0.14918414918414918,0.5076923076923077
1971,labor_collective_action,11,46,71,0.2391304347826087,0.15492957746478872,2.0,0.15384615384615385,46,13,33,9.0,0.2727272727272727,-0.11888111888111885,0.5641025641025642
1971,migration_police_civilrights,19,46,71,0.41304347826086957,0.2676056338028169,8.0,0.6153846153846154,46,13,33,11.0,0.3333333333333333,0.2820512820512821,1.8461538461538463
1971,war_security_intel,22,46,71,0.4782608695652174,0.30985915492957744,6.0,0.46153846153846156,46,13,33,16.0,0.48484848484848486,-0.023310023310023298,0.951923076923077
1972,economy_finance_crisis,6,43,62,0.13953488372093023,0.0967741935483871,1.0,0.14285714285714285,43,7,36,5.0,0.1388888888888889,0.003968253968253954,1.0285714285714285
1972,inequality_corruption_elites,2,43,62,0.046511627906976744,0.03225806451612903,0.0,0.0,43,7,36,2.0,0.05555555555555555,-0.05555555555555555,0.0
1972,institutions_elections_law,10,43,62,0.23255813953488372,0.16129032258064516,2.0,0.2857142857142857,43,7,36,8.0,0.2222222222222222,0.06349206349206349,1.2857142857142858
1972,labor_collective_action,6,43,62,0.13953488372093023,0.0967741935483871,3.0,0.42857142857142855,43,7,36,3.0,0.08333333333333333,0.34523809523809523,5.142857142857143
1972,migration_police_civilrights,19,43,62,0.4418604651162791,0.3064516129032258,1.0,0.14285714285714285,43,7,36,18.0,0.5,-0.35714285714285715,0.2857142857142857
1972,war_security_intel,19,43,62,0.4418604651162791,0.3064516129032258,3.0,0.42857142857142855,43,7,36,16.0,0.4444444444444444,-0.015873015873015872,0.9642857142857143
1973,economy_finance_crisis,8,40,75,0.2,0.10666666666666667,2.0,0.16666666666666666,40,12,28,6.0,0.21428571428571427,-0.047619047619047616,0.7777777777777778
1973,inequality_corruption_elites,9,40,75,0.225,0.12,2.0,0.16666666666666666,40,12,28,7.0,0.25,-0.08333333333333334,0.6666666666666666
1973,institutions_elections_law,5,40,75,0.125,0.06666666666666667,3.0,0.25,40,12,28,2.0,0.07142857142857142,0.17857142857142858,3.5
1973,labor_collective_action,4,40,75,0.1,0.05333333333333334,2.0,0.16666666666666666,40,12,28,2.0,0.07142857142857142,0.09523809523809523,2.3333333333333335
1973,migration_police_civilrights,31,40,75,0.775,0.41333333333333333,10.0,0.8333333333333334,40,12,28,21.0,0.75,0.08333333333333337,1.1111111111111112
1973,war_security_intel,18,40,75,0.45,0.24,4.0,0.3333333333333333,40,12,28,14.0,0.5,-0.16666666666666669,0.6666666666666666
1974,economy_finance_crisis,6,44,68,0.13636363636363635,0.08823529411764706,1.0,0.14285714285714285,44,7,37,5.0,0.13513513513513514,0.007722007722007707,1.057142857142857
1974,inequality_corruption_elites,5,44,68,0.11363636363636363,0.07352941176470588,0.0,0.0,44,7,37,5.0,0.13513513513513514,-0.13513513513513514,0.0
1974,institutions_elections_law,8,44,68,0.18181818181818182,0.11764705882352941,0.0,0.0,44,7,37,8.0,0.21621621621621623,-0.21621621621621623,0.0
1974,labor_collective_action,2,44,68,0.045454545454545456,0.029411764705882353,0.0,0.0,44,7,37,2.0,0.05405405405405406,-0.05405405405405406,0.0
1974,migration_police_civilrights,18,44,68,0.4090909090909091,0.2647058823529412,6.0,0.8571428571428571,44,7,37,12.0,0.32432432432432434,0.5328185328185328,2.6428571428571423
1974,war_security_intel,29,44,68,0.6590909090909091,0.4264705882352941,3.0,0.42857142857142855,44,7,37,26.0,0.7027027027027027,-0.2741312741312742,0.6098901098901098
1975,economy_finance_crisis,6,46,75,0.13043478260869565,0.08,2.0,0.16666666666666666,46,12,34,4.0,0.11764705882352941,0.04901960784313725,1.4166666666666665
1975,inequality_corruption_elites,7,46,75,0.15217391304347827,0.09333333333333334,0.0,0.0,46,12,34,7.0,0.20588235294117646,-0.20588235294117646,0.0
1975,institutions_elections_law,6,46,75,0.13043478260869565,0.08,4.0,0.3333333333333333,46,12,34,2.0,0.058823529411764705,0.2745098039215686,5.666666666666666
1975,labor_collective_action,3,46,75,0.06521739130434782,0.04,0.0,0.0,46,12,34,3.0,0.08823529411764706,-0.08823529411764706,0.0
1975,migration_police_civilrights,15,46,75,0.32608695652173914,0.2,7.0,0.5833333333333334,46,12,34,8.0,0.23529411764705882,0.34803921568627455,2.479166666666667
1975,war_security_intel,38,46,75,0.8260869565217391,0.5066666666666667,11.0,0.9166666666666666,46,12,34,27.0,0.7941176470588235,0.12254901960784315,1.154320987654321
1976,economy_finance_crisis,4,42,65,0.09523809523809523,0.06153846153846154,0.0,0.0,42,9,33,4.0,0.12121212121212122,-0.12121212121212122,0.0
1976,inequality_corruption_elites,10,42,65,0.23809523809523808,0.15384615384615385,3.0,0.3333333333333333,42,9,33,7.0,0.21212121212121213,0.12121212121212119,1.5714285714285714
1976,institutions_elections_law,9,42,65,0.21428571428571427,0.13846153846153847,3.0,0.3333333333333333,42,9,33,6.0,0.18181818181818182,0.1515151515151515,1.8333333333333333
1976,labor_collective_action,2,42,65,0.047619047619047616,0.03076923076923077,0.0,0.0,42,9,33,2.0,0.06060606060606061,-0.06060606060606061,0.0
1976,migration_police_civilrights,13,42,65,0.30952380952380953,0.2,2.0,0.2222222222222222,42,9,33,11.0,0.3333333333333333,-0.1111111111111111,0.6666666666666666
1976,war_security_intel,27,42,65,0.6428571428571429,0.4153846153846154,9.0,1.0,42,9,33,18.0,0.5454545454545454,0.4545454545454546,1.8333333333333335
1977,economy_finance_crisis,2,36,72,0.05555555555555555,0.027777777777777776,0.0,0.0,36,5,31,2.0,0.06451612903225806,-0.06451612903225806,0.0
1977,inequality_corruption_elites,3,36,72,0.08333333333333333,0.041666666666666664,0.0,0.0,36,5,31,3.0,0.0967741935483871,-0.0967741935483871,0.0
1977,institutions_elections_law,6,36,72,0.16666666666666666,0.08333333333333333,1.0,0.2,36,5,31,5.0,0.16129032258064516,0.038709677419354854,1.2400000000000002
1977,labor_collective_action,8,36,72,0.2222222222222222,0.1111111111111111,0.0,0.0,36,5,31,8.0,0.25806451612903225,-0.25806451612903225,0.0
1977,migration_police_civilrights,11,36,72,0.3055555555555556,0.1527777777777778,3.0,0.6,36,5,31,8.0,0.25806451612903225,0.3419354838709677,2.325
1977,war_security_intel,42,36,72,1.1666666666666667,0.5833333333333334,10.0,2.0,36,5,31,32.0,1.032258064516129,0.967741935483871,1.9375
1978,economy_finance_crisis,5,36,69,0.1388888888888889,0.07246376811594203,0.0,0.0,36,10,26,5.0,0.19230769230769232,-0.19230769230769232,0.0
1978,inequality_corruption_elites,1,36,69,0.027777777777777776,0.014492753623188406,0.0,0.0,36,10,26,1.0,0.038461538461538464,-0.038461538461538464,0.0
1978,institutions_elections_law,13,36,69,0.3611111111111111,0.18840579710144928,3.0,0.3,36,10,26,10.0,0.38461538461538464,-0.08461538461538465,0.7799999999999999
1978,labor_collective_action,6,36,69,0.16666666666666666,0.08695652173913043,3.0,0.3,36,10,26,3.0,0.11538461538461539,0.1846153846153846,2.5999999999999996
1978,migration_police_civilrights,17,36,69,0.4722222222222222,0.2463768115942029,8.0,0.8,36,10,26,9.0,0.34615384615384615,0.4538461538461539,2.3111111111111113
1978,war_security_intel,27,36,69,0.75,0.391304347826087,7.0,0.7,36,10,26,20.0,0.7692307692307693,-0.06923076923076932,0.9099999999999999
1979,economy_finance_crisis,3,40,69,0.075,0.043478260869565216,2.0,0.2,40,10,30,1.0,0.03333333333333333,0.16666666666666669,6.0
1979,inequality_corruption_elites,1,40,69,0.025,0.014492753623188406,0.0,0.0,40,10,30,1.0,0.03333333333333333,-0.03333333333333333,0.0
1979,institutions_elections_law,5,40,69,0.125,0.07246376811594203,0.0,0.0,40,10,30,5.0,0.16666666666666666,-0.16666666666666666,0.0
1979,labor_collective_action,6,40,69,0.15,0.08695652173913043,0.0,0.0,40,10,30,6.0,0.2,-0.2,0.0
1979,migration_police_civilrights,15,40,69,0.375,0.21739130434782608,5.0,0.5,40,10,30,10.0,0.3333333333333333,0.16666666666666669,1.5
1979,war_security_intel,39,40,69,0.975,0.5652173913043478,15.0,1.5,40,10,30,24.0,0.8,0.7,1.875
1980,economy_finance_crisis,5,44,71,0.11363636363636363,0.07042253521126761,3.0,0.375,44,8,36,2.0,0.05555555555555555,0.3194444444444444,6.75
1980,inequality_corruption_elites,2,44,71,0.045454545454545456,0.028169014084507043,0.0,0.0,44,8,36,2.0,0.05555555555555555,-0.05555555555555555,0.0
1980,institutions_elections_law,7,44,71,0.1590909090909091,0.09859154929577464,1.0,0.125,44,8,36,6.0,0.16666666666666666,-0.04166666666666666,0.75
1980,labor_collective_action,3,44,71,0.06818181818181818,0.04225352112676056,0.0,0.0,44,8,36,3.0,0.08333333333333333,-0.08333333333333333,0.0
1980,migration_police_civilrights,15,44,71,0.3409090909090909,0.2112676056338028,2.0,0.25,44,8,36,13.0,0.3611111111111111,-0.1111111111111111,0.6923076923076923
1980,war_security_intel,39,44,71,0.8863636363636364,0.5492957746478874,5.0,0.625,44,8,36,34.0,0.9444444444444444,-0.3194444444444444,0.6617647058823529
1981,economy_finance_crisis,3,46,89,0.06521739130434782,0.033707865168539325,0.0,0.0,46,11,35,3.0,0.08571428571428572,-0.08571428571428572,0.0
1981,inequality_corruption_elites,3,46,89,0.06521739130434782,0.033707865168539325,0.0,0.0,46,11,35,3.0,0.08571428571428572,-0.08571428571428572,0.0
1981,institutions_elections_law,12,46,89,0.2608695652173913,0.1348314606741573,4.0,0.36363636363636365,46,11,35,8.0,0.22857142857142856,0.13506493506493508,1.590909090909091
1981,labor_collective_action,5,46,89,0.10869565217391304,0.056179775280898875,3.0,0.2727272727272727,46,11,35,2.0,0.05714285714285714,0.21558441558441557,4.7727272727272725
1981,migration_police_civilrights,25,46,89,0.5434782608695652,0.2808988764044944,4.0,0.36363636363636365,46,11,35,21.0,0.6,-0.23636363636363633,0.6060606060606061
1981,war_security_intel,41,46,89,0.8913043478260869,0.4606741573033708,18.0,1.6363636363636365,46,11,35,23.0,0.6571428571428571,0.9792207792207793,2.490118577075099
1982,economy_finance_crisis,3,40,77,0.075,0.03896103896103896,1.0,0.1111111111111111,40,9,31,2.0,0.06451612903225806,0.04659498207885304,1.722222222222222
1982,inequality_corruption_elites,5,40,77,0.125,0.06493506493506493,1.0,0.1111111111111111,40,9,31,4.0,0.12903225806451613,-0.01792114695340502,0.861111111111111
1982,institutions_elections_law,7,40,77,0.175,0.09090909090909091,2.0,0.2222222222222222,40,9,31,5.0,0.16129032258064516,0.06093189964157705,1.3777777777777778
1982,labor_collective_action,7,40,77,0.175,0.09090909090909091,3.0,0.3333333333333333,40,9,31,4.0,0.12903225806451613,0.2043010752688172,2.5833333333333335
1982,migration_police_civilrights,26,40,77,0.65,0.33766233766233766,10.0,1.1111111111111112,40,9,31,16.0,0.5161290322580645,0.5949820788530467,2.152777777777778
1982,war_security_intel,29,40,77,0.725,0.37662337662337664,9.0,1.0,40,9,31,20.0,0.6451612903225806,0.3548387096774194,1.55
1983,economy_finance_crisis,6,47,93,0.1276595744680851,0.06451612903225806,1.0,0.1111111111111111,47,9,38,5.0,0.13157894736842105,-0.02046783625730994,0.8444444444444444
1983,inequality_corruption_elites,2,47,93,0.0425531914893617,0.021505376344086023,1.0,0.1111111111111111,47,9,38,1.0,0.02631578947368421,0.0847953216374269,4.222222222222222
1983,institutions_elections_law,6,47,93,0.1276595744680851,0.06451612903225806,2.0,0.2222222222222222,47,9,38,4.0,0.10526315789473684,0.11695906432748537,2.111111111111111
1983,labor_collective_action,5,47,93,0.10638297872340426,0.053763440860215055,0.0,0.0,47,9,38,5.0,0.13157894736842105,-0.13157894736842105,0.0
1983,migration_police_civilrights,20,47,93,0.425531914893617,0.21505376344086022,0.0,0.0,47,9,38,20.0,0.5263157894736842,-0.5263157894736842,0.0
1983,war_security_intel,54,47,93,1.148936170212766,0.5806451612903226,15.0,1.6666666666666667,47,9,38,39.0,1.0263157894736843,0.6403508771929824,1.623931623931624
1984,economy_finance_crisis,4,50,90,0.08,0.044444444444444446,2.0,0.25,50,8,42,2.0,0.047619047619047616,0.20238095238095238,5.25
1984,inequality_corruption_elites,6,50,90,0.12,0.06666666666666667,1.0,0.125,50,8,42,5.0,0.11904761904761904,0.005952380952380959,1.05
1984,institutions_elections_law,7,50,90,0.14,0.07777777777777778,0.0,0.0,50,8,42,7.0,0.16666666666666666,-0.16666666666666666,0.0
1984,labor_collective_action,3,50,90,0.06,0.03333333333333333,0.0,0.0,50,8,42,3.0,0.07142857142857142,-0.07142857142857142,0.0
1984,migration_police_civilrights,25,50,90,0.5,0.2777777777777778,4.0,0.5,50,8,42,21.0,0.5,0.0,1.0
1984,war_security_intel,45,50,90,0.9,0.5,3.0,0.375,50,8,42,42.0,1.0,-0.625,0.375
1985,economy_finance_crisis,7,62,122,0.11290322580645161,0.05737704918032787,1.0,0.07142857142857142,62,14,48,6.0,0.125,-0.053571428571428575,0.5714285714285714
1985,inequality_corruption_elites,8,62,122,0.12903225806451613,0.06557377049180328,1.0,0.07142857142857142,62,14,48,7.0,0.14583333333333334,-0.07440476190476192,0.48979591836734687
1985,institutions_elections_law,21,62,122,0.3387096774193548,0.1721311475409836,3.0,0.21428571428571427,62,14,48,18.0,0.375,-0.16071428571428573,0.5714285714285714
1985,labor_collective_action,3,62,122,0.04838709677419355,0.02459016393442623,1.0,0.07142857142857142,62,14,48,2.0,0.041666666666666664,0.02976190476190476,1.7142857142857142
1985,migration_police_civilrights,27,62,122,0.43548387096774194,0.22131147540983606,8.0,0.5714285714285714,62,14,48,19.0,0.3958333333333333,0.17559523809523808,1.443609022556391
1985,war_security_intel,56,62,122,0.9032258064516129,0.45901639344262296,21.0,1.5,62,14,48,35.0,0.7291666666666666,0.7708333333333334,2.0571428571428574
1986,economy_finance_crisis,4,64,120,0.0625,0.03333333333333333,0.0,0.0,64,7,57,4.0,0.07017543859649122,-0.07017543859649122,0.0
1986,inequality_corruption_elites,10,64,120,0.15625,0.08333333333333333,1.0,0.14285714285714285,64,7,57,9.0,0.15789473684210525,-0.015037593984962405,0.9047619047619048
1986,institutions_elections_law,13,64,120,0.203125,0.10833333333333334,1.0,0.14285714285714285,64,7,57,12.0,0.21052631578947367,-0.06766917293233082,0.6785714285714286
1986,labor_collective_action,7,64,120,0.109375,0.058333333333333334,1.0,0.14285714285714285,64,7,57,6.0,0.10526315789473684,0.03759398496240601,1.3571428571428572
1986,migration_police_civilrights,23,64,120,0.359375,0.19166666666666668,2.0,0.2857142857142857,64,7,57,21.0,0.3684210526315789,-0.08270676691729323,0.7755102040816326
1986,war_security_intel,63,64,120,0.984375,0.525,12.0,1.7142857142857142,64,7,57,51.0,0.8947368421052632,0.819548872180451,1.9159663865546217
1987,economy_finance_crisis,8,74,149,0.10810810810810811,0.053691275167785234,3.0,0.2727272727272727,74,11,63,5.0,0.07936507936507936,0.19336219336219335,3.4363636363636365
1987,inequality_corruption_elites,8,74,149,0.10810810810810811,0.053691275167785234,0.0,0.0,74,11,63,8.0,0.12698412698412698,-0.12698412698412698,0.0
1987,institutions_elections_law,12,74,149,0.16216216216216217,0.08053691275167785,0.0,0.0,74,11,63,12.0,0.19047619047619047,-0.19047619047619047,0.0
1987,labor_collective_action,13,74,149,0.17567567567567569,0.087248322147651,0.0,0.0,74,11,63,13.0,0.20634920634920634,-0.20634920634920634,0.0
1987,migration_police_civilrights,42,74,149,0.5675675675675675,0.28187919463087246,20.0,1.8181818181818181,74,11,63,22.0,0.3492063492063492,1.468975468975469,5.206611570247934
1987,war_security_intel,66,74,149,0.8918918918918919,0.4429530201342282,13.0,1.1818181818181819,74,11,63,53.0,0.8412698412698413,0.3405483405483406,1.4048027444253859
1988,economy_finance_crisis,1,72,133,0.013888888888888888,0.007518796992481203,0.0,0.0,72,5,67,1.0,0.014925373134328358,-0.014925373134328358,0.0
1988,inequality_corruption_elites,5,72,133,0.06944444444444445,0.03759398496240601,0.0,0.0,72,5,67,5.0,0.07462686567164178,-0.07462686567164178,0.0
1988,institutions_elections_law,12,72,133,0.16666666666666666,0.09022556390977443,2.0,0.4,72,5,67,10.0,0.14925373134328357,0.25074626865671645,2.6800000000000006
1988,labor_collective_action,9,72,133,0.125,0.06766917293233082,1.0,0.2,72,5,67,8.0,0.11940298507462686,0.08059701492537315,1.675
1988,migration_police_civilrights,45,72,133,0.625,0.3383458646616541,3.0,0.6,72,5,67,42.0,0.6268656716417911,-0.0268656716417911,0.9571428571428571
1988,war_security_intel,61,72,133,0.8472222222222222,0.45864661654135336,8.0,1.6,72,5,67,53.0,0.7910447761194029,0.8089552238805972,2.0226415094339627
1989,economy_finance_crisis,5,56,109,0.08928571428571429,0.045871559633027525,0.0,0.0,56,8,48,5.0,0.10416666666666667,-0.10416666666666667,0.0
1989,inequality_corruption_elites,8,56,109,0.14285714285714285,0.07339449541284404,1.0,0.125,56,8,48,7.0,0.14583333333333334,-0.020833333333333343,0.8571428571428571
1989,institutions_elections_law,10,56,109,0.17857142857142858,0.09174311926605505,0.0,0.0,56,8,48,10.0,0.20833333333333334,-0.20833333333333334,0.0
1989,labor_collective_action,5,56,109,0.08928571428571429,0.045871559633027525,0.0,0.0,56,8,48,5.0,0.10416666666666667,-0.10416666666666667,0.0
1989,migration_police_civilrights,40,56,109,0.7142857142857143,0.3669724770642202,9.0,1.125,56,8,48,31.0,0.6458333333333334,0.47916666666666663,1.7419354838709677
1989,war_security_intel,41,56,109,0.7321428571428571,0.3761467889908257,6.0,0.75,56,8,48,35.0,0.7291666666666666,0.02083333333333337,1.0285714285714287
1990,economy_finance_crisis,8,75,119,0.10666666666666667,0.06722689075630252,0.0,0.0,75,11,64,8.0,0.125,-0.125,0.0
1990,inequality_corruption_elites,8,75,119,0.10666666666666667,0.06722689075630252,4.0,0.36363636363636365,75,11,64,4.0,0.0625,0.30113636363636365,5.818181818181818
1990,institutions_elections_law,12,75,119,0.16,0.10084033613445378,2.0,0.18181818181818182,75,11,64,10.0,0.15625,0.025568181818181823,1.1636363636363636
1990,labor_collective_action,7,75,119,0.09333333333333334,0.058823529411764705,1.0,0.09090909090909091,75,11,64,6.0,0.09375,-0.0028409090909090884,0.9696969696969697
1990,migration_police_civilrights,41,75,119,0.5466666666666666,0.3445378151260504,7.0,0.6363636363636364,75,11,64,34.0,0.53125,0.10511363636363635,1.1978609625668448
1990,war_security_intel,43,75,119,0.5733333333333334,0.36134453781512604,8.0,0.7272727272727273,75,11,64,35.0,0.546875,0.1803977272727273,1.3298701298701299
1991,economy_finance_crisis,11,74,107,0.14864864864864866,0.102803738317757,3.0,0.2727272727272727,74,11,63,8.0,0.12698412698412698,0.14574314574314573,2.1477272727272725
1991,inequality_corruption_elites,9,74,107,0.12162162162162163,0.08411214953271028,1.0,0.09090909090909091,74,11,63,8.0,0.12698412698412698,-0.036075036075036065,0.7159090909090909
1991,institutions_elections_law,15,74,107,0.20270270270270271,0.14018691588785046,9.0,0.8181818181818182,74,11,63,6.0,0.09523809523809523,0.722943722943723,8.590909090909092
1991,labor_collective_action,4,74,107,0.05405405405405406,0.037383177570093455,0.0,0.0,74,11,63,4.0,0.06349206349206349,-0.06349206349206349,0.0
1991,migration_police_civilrights,33,74,107,0.44594594594594594,0.308411214953271,4.0,0.36363636363636365,74,11,63,29.0,0.4603174603174603,-0.09668109668109665,0.7899686520376176
1991,war_security_intel,35,74,107,0.47297297297297297,0.32710280373831774,6.0,0.5454545454545454,74,11,63,29.0,0.4603174603174603,0.08513708513708512,1.1849529780564263
1992,economy_finance_crisis,5,71,122,0.07042253521126761,0.040983606557377046,0.0,0.0,71,10,61,5.0,0.08196721311475409,-0.08196721311475409,0.0
1992,inequality_corruption_elites,11,71,122,0.15492957746478872,0.09016393442622951,1.0,0.1,71,10,61,10.0,0.16393442622950818,-0.06393442622950818,0.6100000000000001
1992,institutions_elections_law,21,71,122,0.29577464788732394,0.1721311475409836,5.0,0.5,71,10,61,16.0,0.26229508196721313,0.23770491803278687,1.90625
1992,labor_collective_action,5,71,122,0.07042253521126761,0.040983606557377046,0.0,0.0,71,10,61,5.0,0.08196721311475409,-0.08196721311475409,0.0
1992,migration_police_civilrights,40,71,122,0.5633802816901409,0.32786885245901637,6.0,0.6,71,10,61,34.0,0.5573770491803278,0.042622950819672156,1.076470588235294
1992,war_security_intel,40,71,122,0.5633802816901409,0.32786885245901637,11.0,1.1,71,10,61,29.0,0.47540983606557374,0.6245901639344263,2.313793103448276
1993,economy_finance_crisis,10,72,128,0.1388888888888889,0.078125,0.0,0.0,72,13,59,10.0,0.1694915254237288,-0.1694915254237288,0.0
1993,inequality_corruption_elites,9,72,128,0.125,0.0703125,0.0,0.0,72,13,59,9.0,0.15254237288135594,-0.15254237288135594,0.0
1993,institutions_elections_law,17,72,128,0.2361111111111111,0.1328125,10.0,0.7692307692307693,72,13,59,7.0,0.11864406779661017,0.6505867014341591,6.483516483516484
1993,labor_collective_action,10,72,128,0.1388888888888889,0.078125,2.0,0.15384615384615385,72,13,59,8.0,0.13559322033898305,0.018252933507170804,1.1346153846153846
1993,migration_police_civilrights,31,72,128,0.4305555555555556,0.2421875,4.0,0.3076923076923077,72,13,59,27.0,0.4576271186440678,-0.1499348109517601,0.6723646723646723
1993,war_security_intel,51,72,128,0.7083333333333334,0.3984375,13.0,1.0,72,13,59,38.0,0.6440677966101694,0.35593220338983056,1.5526315789473686
1994,economy_finance_crisis,9,67,114,0.13432835820895522,0.07894736842105263,1.0,0.1111111111111111,67,9,58,8.0,0.13793103448275862,-0.026819923371647514,0.8055555555555555
1994,inequality_corruption_elites,12,67,114,0.1791044776119403,0.10526315789473684,0.0,0.0,67,9,58,12.0,0.20689655172413793,-0.20689655172413793,0.0
1994,institutions_elections_law,20,67,114,0.29850746268656714,0.17543859649122806,6.0,0.6666666666666666,67,9,58,14.0,0.2413793103448276,0.425287356321839,2.7619047619047614
1994,labor_collective_action,4,67,114,0.05970149253731343,0.03508771929824561,1.0,0.1111111111111111,67,9,58,3.0,0.05172413793103448,0.05938697318007662,2.148148148148148
1994,migration_police_civilrights,24,67,114,0.3582089552238806,0.21052631578947367,3.0,0.3333333333333333,67,9,58,21.0,0.3620689655172414,-0.028735632183908066,0.9206349206349206
1994,war_security_intel,45,67,114,0.6716417910447762,0.39473684210526316,15.0,1.6666666666666667,67,9,58,30.0,0.5172413793103449,1.1494252873563218,3.2222222222222223
1995,economy_finance_crisis,9,77,137,0.11688311688311688,0.06569343065693431,2.0,0.25,77,8,69,7.0,0.10144927536231885,0.14855072463768115,2.464285714285714
1995,inequality_corruption_elites,5,77,137,0.06493506493506493,0.0364963503649635,0.0,0.0,77,8,69,5.0,0.07246376811594203,-0.07246376811594203,0.0
1995,institutions_elections_law,25,77,137,0.3246753246753247,0.18248175182481752,0.0,0.0,77,8,69,25.0,0.36231884057971014,-0.36231884057971014,0.0
1995,labor_collective_action,6,77,137,0.07792207792207792,0.043795620437956206,0.0,0.0,77,8,69,6.0,0.08695652173913043,-0.08695652173913043,0.0
1995,migration_police_civilrights,41,77,137,0.5324675324675324,0.29927007299270075,5.0,0.625,77,8,69,36.0,0.5217391304347826,0.1032608695652174,1.1979166666666667
1995,war_security_intel,51,77,137,0.6623376623376623,0.3722627737226277,11.0,1.375,77,8,69,40.0,0.5797101449275363,0.7952898550724637,2.3718749999999997
1996,economy_finance_crisis,11,97,181,0.1134020618556701,0.06077348066298342,0.0,0.0,97,13,84,11.0,0.13095238095238096,-0.13095238095238096,0.0
1996,inequality_corruption_elites,12,97,181,0.12371134020618557,0.06629834254143646,1.0,0.07692307692307693,97,13,84,11.0,0.13095238095238096,-0.05402930402930403,0.5874125874125874
1996,institutions_elections_law,39,97,181,0.4020618556701031,0.2154696132596685,8.0,0.6153846153846154,97,13,84,31.0,0.36904761904761907,0.24633699633699635,1.6674937965260546
1996,labor_collective_action,7,97,181,0.07216494845360824,0.03867403314917127,0.0,0.0,97,13,84,7.0,0.08333333333333333,-0.08333333333333333,0.0
1996,migration_police_civilrights,38,97,181,0.3917525773195876,0.20994475138121546,5.0,0.38461538461538464,97,13,84,33.0,0.39285714285714285,-0.008241758241758212,0.9790209790209791
1996,war_security_intel,74,97,181,0.7628865979381443,0.4088397790055249,24.0,1.8461538461538463,97,13,84,50.0,0.5952380952380952,1.250915750915751,3.101538461538462
1997,economy_finance_crisis,15,93,212,0.16129032258064516,0.07075471698113207,2.0,0.2,93,10,83,13.0,0.1566265060240964,0.04337349397590362,1.276923076923077
1997,inequality_corruption_elites,10,93,212,0.10752688172043011,0.04716981132075472,1.0,0.1,93,10,83,9.0,0.10843373493975904,-0.008433734939759033,0.9222222222222223
1997,institutions_elections_law,42,93,212,0.45161290322580644,0.19811320754716982,3.0,0.3,93,10,83,39.0,0.46987951807228917,-0.16987951807228918,0.6384615384615384
1997,labor_collective_action,12,93,212,0.12903225806451613,0.05660377358490566,1.0,0.1,93,10,83,11.0,0.13253012048192772,-0.032530120481927716,0.7545454545454545
1997,migration_police_civilrights,41,93,212,0.44086021505376344,0.19339622641509435,10.0,1.0,93,10,83,31.0,0.37349397590361444,0.6265060240963856,2.67741935483871
1997,war_security_intel,92,93,212,0.989247311827957,0.4339622641509434,21.0,2.1,93,10,83,71.0,0.8554216867469879,1.2445783132530122,2.454929577464789
1998,economy_finance_crisis,16,91,167,0.17582417582417584,0.09580838323353294,2.0,0.18181818181818182,91,11,80,14.0,0.175,0.006818181818181834,1.038961038961039
1998,inequality_corruption_elites,8,91,167,0.08791208791208792,0.04790419161676647,1.0,0.09090909090909091,91,11,80,7.0,0.0875,0.003409090909090917,1.038961038961039
1998,institutions_elections_law,27,91,167,0.2967032967032967,0.16167664670658682,3.0,0.2727272727272727,91,11,80,24.0,0.3,-0.027272727272727282,0.9090909090909091
1998,labor_collective_action,5,91,167,0.054945054945054944,0.029940119760479042,0.0,0.0,91,11,80,5.0,0.0625,-0.0625,0.0
1998,migration_police_civilrights,33,91,167,0.3626373626373626,0.19760479041916168,4.0,0.36363636363636365,91,11,80,29.0,0.3625,0.0011363636363636576,1.0031347962382446
1998,war_security_intel,78,91,167,0.8571428571428571,0.46706586826347307,21.0,1.9090909090909092,91,11,80,57.0,0.7125,1.1965909090909093,2.6794258373205744
1999,economy_finance_crisis,13,100,163,0.13,0.07975460122699386,5.0,0.5,100,10,90,8.0,0.08888888888888889,0.4111111111111111,5.625
1999,inequality_corruption_elites,13,100,163,0.13,0.07975460122699386,0.0,0.0,100,10,90,13.0,0.14444444444444443,-0.14444444444444443,0.0
1999,institutions_elections_law,29,100,163,0.29,0.17791411042944785,4.0,0.4,100,10,90,25.0,0.2777777777777778,0.12222222222222223,1.44
1999,labor_collective_action,8,100,163,0.08,0.049079754601226995,0.0,0.0,100,10,90,8.0,0.08888888888888889,-0.08888888888888889,0.0
1999,migration_police_civilrights,44,100,163,0.44,0.26993865030674846,1.0,0.1,100,10,90,43.0,0.4777777777777778,-0.37777777777777777,0.20930232558139536
1999,war_security_intel,56,100,163,0.56,0.34355828220858897,5.0,0.5,100,10,90,51.0,0.5666666666666667,-0.06666666666666665,0.8823529411764706
2000,economy_finance_crisis,27,102,171,0.2647058823529412,0.15789473684210525,1.0,0.1,102,10,92,26.0,0.2826086956521739,-0.18260869565217389,0.35384615384615387
2000,inequality_corruption_elites,10,102,171,0.09803921568627451,0.05847953216374269,0.0,0.0,102,10,92,10.0,0.10869565217391304,-0.10869565217391304,0.0
2000,institutions_elections_law,30,102,171,0.29411764705882354,0.17543859649122806,3.0,0.3,102,10,92,27.0,0.29347826086956524,0.006521739130434745,1.0222222222222221
2000,labor_collective_action,14,102,171,0.13725490196078433,0.08187134502923976,1.0,0.1,102,10,92,13.0,0.14130434782608695,-0.04130434782608694,0.7076923076923077
2000,migration_police_civilrights,34,102,171,0.3333333333333333,0.19883040935672514,1.0,0.1,102,10,92,33.0,0.358695652173913,-0.258695652173913,0.2787878787878788
2000,war_security_intel,56,102,171,0.5490196078431373,0.32748538011695905,10.0,1.0,102,10,92,46.0,0.5,0.5,2.0
2001,economy_finance_crisis,25,112,183,0.22321428571428573,0.1366120218579235,1.0,0.1111111111111111,112,9,103,24.0,0.23300970873786409,-0.12189859762675298,0.4768518518518518
2001,inequality_corruption_elites,7,112,183,0.0625,0.03825136612021858,0.0,0.0,112,9,103,7.0,0.06796116504854369,-0.06796116504854369,0.0
2001,institutions_elections_law,17,112,183,0.15178571428571427,0.09289617486338798,1.0,0.1111111111111111,112,9,103,16.0,0.1553398058252427,-0.0442286947141316,0.7152777777777778
2001,labor_collective_action,7,112,183,0.0625,0.03825136612021858,1.0,0.1111111111111111,112,9,103,6.0,0.05825242718446602,0.052858683926645084,1.9074074074074072
2001,migration_police_civilrights,46,112,183,0.4107142857142857,0.25136612021857924,2.0,0.2222222222222222,112,9,103,44.0,0.42718446601941745,-0.20496224379719524,0.5202020202020202
2001,war_security_intel,81,112,183,0.7232142857142857,0.4426229508196721,9.0,1.0,112,9,103,72.0,0.6990291262135923,0.30097087378640774,1.4305555555555556
2002,economy_finance_crisis,22,125,237,0.176,0.09282700421940929,1.0,0.08333333333333333,125,12,113,21.0,0.18584070796460178,-0.10250737463126845,0.4484126984126984
2002,inequality_corruption_elites,10,125,237,0.08,0.04219409282700422,0.0,0.0,125,12,113,10.0,0.08849557522123894,-0.08849557522123894,0.0
2002,institutions_elections_law,24,125,237,0.192,0.10126582278481013,1.0,0.08333333333333333,125,12,113,23.0,0.20353982300884957,-0.12020648967551624,0.4094202898550724
2002,labor_collective_action,8,125,237,0.064,0.03375527426160337,1.0,0.08333333333333333,125,12,113,7.0,0.061946902654867256,0.021386430678466073,1.3452380952380951
2002,migration_police_civilrights,62,125,237,0.496,0.2616033755274262,5.0,0.4166666666666667,125,12,113,57.0,0.504424778761062,-0.08775811209439527,0.8260233918128655
2002,war_security_intel,111,125,237,0.888,0.46835443037974683,16.0,1.3333333333333333,125,12,113,95.0,0.8407079646017699,0.4926253687315634,1.5859649122807018
2003,economy_finance_crisis,24,121,225,0.19834710743801653,0.10666666666666667,0.0,0.0,121,11,110,24.0,0.21818181818181817,-0.21818181818181817,0.0
2003,inequality_corruption_elites,14,121,225,0.11570247933884298,0.06222222222222222,1.0,0.09090909090909091,121,11,110,13.0,0.11818181818181818,-0.027272727272727268,0.7692307692307693
2003,institutions_elections_law,40,121,225,0.3305785123966942,0.17777777777777778,6.0,0.5454545454545454,121,11,110,34.0,0.3090909090909091,0.23636363636363633,1.7647058823529411
2003,labor_collective_action,9,121,225,0.0743801652892562,0.04,0.0,0.0,121,11,110,9.0,0.08181818181818182,-0.08181818181818182,0.0
2003,migration_police_civilrights,51,121,225,0.4214876033057851,0.22666666666666666,2.0,0.18181818181818182,121,11,110,49.0,0.44545454545454544,-0.2636363636363636,0.40816326530612246
2003,war_security_intel,87,121,225,0.71900826446281,0.38666666666666666,14.0,1.2727272727272727,121,11,110,73.0,0.6636363636363637,0.609090909090909,1.917808219178082
2004,economy_finance_crisis,21,127,204,0.16535433070866143,0.10294117647058823,1.0,0.1111111111111111,127,9,118,20.0,0.1694915254237288,-0.0583804143126177,0.6555555555555556
2004,inequality_corruption_elites,12,127,204,0.09448818897637795,0.058823529411764705,2.0,0.2222222222222222,127,9,118,10.0,0.0847457627118644,0.1374764595103578,2.6222222222222222
2004,institutions_elections_law,33,127,204,0.25984251968503935,0.16176470588235295,4.0,0.4444444444444444,127,9,118,29.0,0.2457627118644068,0.19868173258003763,1.808429118773946
2004,labor_collective_action,8,127,204,0.06299212598425197,0.0392156862745098,0.0,0.0,127,9,118,8.0,0.06779661016949153,-0.06779661016949153,0.0
2004,migration_police_civilrights,50,127,204,0.3937007874015748,0.24509803921568626,2.0,0.2222222222222222,127,9,118,48.0,0.4067796610169492,-0.18455743879472697,0.5462962962962963
2004,war_security_intel,80,127,204,0.6299212598425197,0.39215686274509803,8.0,0.8888888888888888,127,9,118,72.0,0.6101694915254238,0.27871939736346507,1.45679012345679
2005,economy_finance_crisis,33,131,245,0.25190839694656486,0.1346938775510204,3.0,0.3333333333333333,131,9,122,30.0,0.2459016393442623,0.08743169398907102,1.3555555555555554
2005,inequality_corruption_elites,19,131,245,0.1450381679389313,0.07755102040816327,0.0,0.0,131,9,122,19.0,0.1557377049180328,-0.1557377049180328,0.0
2005,institutions_elections_law,26,131,245,0.1984732824427481,0.10612244897959183,1.0,0.1111111111111111,131,9,122,25.0,0.20491803278688525,-0.09380692167577415,0.5422222222222222
2005,labor_collective_action,8,131,245,0.061068702290076333,0.0326530612244898,1.0,0.1111111111111111,131,9,122,7.0,0.05737704918032787,0.053734061930783235,1.9365079365079363
2005,migration_police_civilrights,51,131,245,0.3893129770992366,0.20816326530612245,0.0,0.0,131,9,122,51.0,0.4180327868852459,-0.4180327868852459,0.0
2005,war_security_intel,108,131,245,0.8244274809160306,0.44081632653061226,6.0,0.6666666666666666,131,9,122,102.0,0.8360655737704918,-0.1693989071038252,0.7973856209150326
2006,economy_finance_crisis,33,139,255,0.23741007194244604,0.12941176470588237,0.0,0.0,139,6,133,33.0,0.24812030075187969,-0.24812030075187969,0.0
2006,inequality_corruption_elites,17,139,255,0.1223021582733813,0.06666666666666667,0.0,0.0,139,6,133,17.0,0.12781954887218044,-0.12781954887218044,0.0
2006,institutions_elections_law,40,139,255,0.28776978417266186,0.1568627450980392,1.0,0.16666666666666666,139,6,133,39.0,0.2932330827067669,-0.12656641604010024,0.5683760683760684
2006,labor_collective_action,11,139,255,0.07913669064748201,0.043137254901960784,1.0,0.16666666666666666,139,6,133,10.0,0.07518796992481203,0.09147869674185463,2.216666666666667
2006,migration_police_civilrights,49,139,255,0.35251798561151076,0.19215686274509805,3.0,0.5,139,6,133,46.0,0.3458646616541353,0.15413533834586468,1.4456521739130435
2006,war_security_intel,105,139,255,0.7553956834532374,0.4117647058823529,5.0,0.8333333333333334,139,6,133,100.0,0.7518796992481203,0.08145363408521311,1.1083333333333334
2007,economy_finance_crisis,16,151,281,0.10596026490066225,0.05693950177935943,0.0,0.0,151,10,141,16.0,0.11347517730496454,-0.11347517730496454,0.0
2007,inequality_corruption_elites,26,151,281,0.17218543046357615,0.09252669039145907,2.0,0.2,151,10,141,24.0,0.1702127659574468,0.029787234042553207,1.175
2007,institutions_elections_law,37,151,281,0.24503311258278146,0.13167259786476868,5.0,0.5,151,10,141,32.0,0.22695035460992907,0.2730496453900709,2.203125
2007,labor_collective_action,18,151,281,0.11920529801324503,0.06405693950177936,2.0,0.2,151,10,141,16.0,0.11347517730496454,0.08652482269503547,1.7625000000000002
2007,migration_police_civilrights,59,151,281,0.39072847682119205,0.2099644128113879,4.0,0.4,151,10,141,55.0,0.3900709219858156,0.009929078014184411,1.0254545454545454
2007,war_security_intel,125,151,281,0.8278145695364238,0.44483985765124556,9.0,0.9,151,10,141,116.0,0.8226950354609929,0.07730496453900715,1.0939655172413794
2008,economy_finance_crisis,24,165,288,0.14545454545454545,0.08333333333333333,0.0,0.0,165,6,159,24.0,0.1509433962264151,-0.1509433962264151,0.0
2008,inequality_corruption_elites,12,165,288,0.07272727272727272,0.041666666666666664,0.0,0.0,165,6,159,12.0,0.07547169811320754,-0.07547169811320754,0.0
2008,institutions_elections_law,48,165,288,0.2909090909090909,0.16666666666666666,1.0,0.16666666666666666,165,6,159,47.0,0.29559748427672955,-0.1289308176100629,0.5638297872340425
2008,labor_collective_action,8,165,288,0.048484848484848485,0.027777777777777776,0.0,0.0,165,6,159,8.0,0.050314465408805034,-0.050314465408805034,0.0
2008,migration_police_civilrights,70,165,288,0.42424242424242425,0.24305555555555555,1.0,0.16666666666666666,165,6,159,69.0,0.4339622641509434,-0.2672955974842768,0.38405797101449274
2008,war_security_intel,126,165,288,0.7636363636363637,0.4375,5.0,0.8333333333333334,165,6,159,121.0,0.7610062893081762,0.07232704402515722,1.0950413223140496
2009,economy_finance_crisis,25,134,233,0.1865671641791045,0.1072961373390558,0.0,0.0,134,6,128,25.0,0.1953125,-0.1953125,0.0
2009,inequality_corruption_elites,25,134,233,0.1865671641791045,0.1072961373390558,2.0,0.3333333333333333,134,6,128,23.0,0.1796875,0.15364583333333331,1.8550724637681157
2009,institutions_elections_law,34,134,233,0.2537313432835821,0.1459227467811159,1.0,0.16666666666666666,134,6,128,33.0,0.2578125,-0.09114583333333334,0.6464646464646464
2009,labor_collective_action,11,134,233,0.08208955223880597,0.04721030042918455,0.0,0.0,134,6,128,11.0,0.0859375,-0.0859375,0.0
2009,migration_police_civilrights,52,134,233,0.3880597014925373,0.22317596566523606,1.0,0.16666666666666666,134,6,128,51.0,0.3984375,-0.23177083333333334,0.4183006535947712
2009,war_security_intel,86,134,233,0.6417910447761194,0.36909871244635195,10.0,1.6666666666666667,134,6,128,76.0,0.59375,1.0729166666666667,2.8070175438596494
2010,economy_finance_crisis,26,156,262,0.16666666666666666,0.09923664122137404,0.0,0.0,156,8,148,26.0,0.17567567567567569,-0.17567567567567569,0.0
2010,inequality_corruption_elites,24,156,262,0.15384615384615385,0.0916030534351145,1.0,0.125,156,8,148,23.0,0.1554054054054054,-0.0304054054054054,0.8043478260869565
2010,institutions_elections_law,35,156,262,0.22435897435897437,0.13358778625954199,0.0,0.0,156,8,148,35.0,0.23648648648648649,-0.23648648648648649,0.0
2010,labor_collective_action,16,156,262,0.10256410256410256,0.061068702290076333,0.0,0.0,156,8,148,16.0,0.10810810810810811,-0.10810810810810811,0.0
2010,migration_police_civilrights,66,156,262,0.4230769230769231,0.25190839694656486,1.0,0.125,156,8,148,65.0,0.4391891891891892,-0.3141891891891892,0.2846153846153846
2010,war_security_intel,95,156,262,0.6089743589743589,0.36259541984732824,7.0,0.875,156,8,148,88.0,0.5945945945945946,0.2804054054054054,1.471590909090909
2011,economy_finance_crisis,32,152,260,0.21052631578947367,0.12307692307692308,1.0,0.125,152,8,144,31.0,0.2152777777777778,-0.09027777777777779,0.5806451612903225
2011,inequality_corruption_elites,11,152,260,0.07236842105263158,0.04230769230769231,1.0,0.125,152,8,144,10.0,0.06944444444444445,0.05555555555555555,1.7999999999999998
2011,institutions_elections_law,46,152,260,0.3026315789473684,0.17692307692307693,1.0,0.125,152,8,144,45.0,0.3125,-0.1875,0.4
2011,labor_collective_action,11,152,260,0.07236842105263158,0.04230769230769231,0.0,0.0,152,8,144,11.0,0.0763888888888889,-0.0763888888888889,0.0
2011,migration_police_civilrights,52,152,260,0.34210526315789475,0.2,4.0,0.5,152,8,144,48.0,0.3333333333333333,0.16666666666666669,1.5
2011,war_security_intel,108,152,260,0.7105263157894737,0.4153846153846154,16.0,2.0,152,8,144,92.0,0.6388888888888888,1.3611111111111112,3.130434782608696
2012,economy_finance_crisis,21,173,268,0.12138728323699421,0.07835820895522388,0.0,0.0,173,9,164,21.0,0.12804878048780488,-0.12804878048780488,0.0
2012,inequality_corruption_elites,12,173,268,0.06936416184971098,0.04477611940298507,0.0,0.0,173,9,164,12.0,0.07317073170731707,-0.07317073170731707,0.0
2012,institutions_elections_law,63,173,268,0.36416184971098264,0.23507462686567165,0.0,0.0,173,9,164,63.0,0.38414634146341464,-0.38414634146341464,0.0
2012,labor_collective_action,15,173,268,0.08670520231213873,0.055970149253731345,2.0,0.2222222222222222,173,9,164,13.0,0.07926829268292683,0.14295392953929537,2.8034188034188032
2012,migration_police_civilrights,57,173,268,0.32947976878612717,0.2126865671641791,5.0,0.5555555555555556,173,9,164,52.0,0.3170731707317073,0.23848238482384826,1.7521367521367521
2012,war_security_intel,100,173,268,0.5780346820809249,0.373134328358209,8.0,0.8888888888888888,173,9,164,92.0,0.5609756097560976,0.3279132791327912,1.584541062801932
2013,economy_finance_crisis,29,175,274,0.1657142857142857,0.10583941605839416,2.0,0.2,175,10,165,27.0,0.16363636363636364,0.036363636363636376,1.2222222222222223
2013,inequality_corruption_elites,23,175,274,0.13142857142857142,0.08394160583941605,3.0,0.3,175,10,165,20.0,0.12121212121212122,0.17878787878787877,2.4749999999999996
2013,institutions_elections_law,35,175,274,0.2,0.12773722627737227,2.0,0.2,175,10,165,33.0,0.2,0.0,1.0
2013,labor_collective_action,16,175,274,0.09142857142857143,0.058394160583941604,1.0,0.1,175,10,165,15.0,0.09090909090909091,0.009090909090909094,1.1
2013,migration_police_civilrights,71,175,274,0.4057142857142857,0.2591240875912409,0.0,0.0,175,10,165,71.0,0.4303030303030303,-0.4303030303030303,0.0
2013,war_security_intel,100,175,274,0.5714285714285714,0.36496350364963503,10.0,1.0,175,10,165,90.0,0.5454545454545454,0.4545454545454546,1.8333333333333335
2014,economy_finance_crisis,26,216,365,0.12037037037037036,0.07123287671232877,0.0,0.0,216,11,205,26.0,0.12682926829268293,-0.12682926829268293,0.0
2014,inequality_corruption_elites,24,216,365,0.1111111111111111,0.06575342465753424,1.0,0.09090909090909091,216,11,205,23.0,0.11219512195121951,-0.021286031042128603,0.8102766798418972
2014,institutions_elections_law,42,216,365,0.19444444444444445,0.11506849315068493,2.0,0.18181818181818182,216,11,205,40.0,0.1951219512195122,-0.013303769401330379,0.9318181818181818
2014,labor_collective_action,15,216,365,0.06944444444444445,0.0410958904109589,0.0,0.0,216,11,205,15.0,0.07317073170731707,-0.07317073170731707,0.0
2014,migration_police_civilrights,94,216,365,0.4351851851851852,0.25753424657534246,1.0,0.09090909090909091,216,11,205,93.0,0.45365853658536587,-0.362749445676275,0.20039100684261973
2014,war_security_intel,164,216,365,0.7592592592592593,0.44931506849315067,11.0,1.0,216,11,205,153.0,0.7463414634146341,0.25365853658536586,1.3398692810457515
2015,economy_finance_crisis,33,208,333,0.15865384615384615,0.0990990990990991,0.0,0.0,208,7,201,33.0,0.16417910447761194,-0.16417910447761194,0.0
2015,inequality_corruption_elites,23,208,333,0.11057692307692307,0.06906906906906907,1.0,0.14285714285714285,208,7,201,22.0,0.10945273631840796,0.03340440653873489,1.305194805194805
2015,institutions_elections_law,55,208,333,0.2644230769230769,0.16516516516516516,0.0,0.0,208,7,201,55.0,0.2736318407960199,-0.2736318407960199,0.0
2015,labor_collective_action,27,208,333,0.12980769230769232,0.08108108108108109,1.0,0.14285714285714285,208,7,201,26.0,0.12935323383084577,0.013503909026297084,1.1043956043956045
2015,migration_police_civilrights,65,208,333,0.3125,0.19519519519519518,0.0,0.0,208,7,201,65.0,0.32338308457711445,-0.32338308457711445,0.0
2015,war_security_intel,130,208,333,0.625,0.39039039039039036,6.0,0.8571428571428571,208,7,201,124.0,0.6169154228855721,0.240227434257285,1.3894009216589862
2016,economy_finance_crisis,30,219,369,0.136986301369863,0.08130081300813008,0.0,0.0,219,6,213,30.0,0.14084507042253522,-0.14084507042253522,0.0
2016,inequality_corruption_elites,24,219,369,0.1095890410958904,0.06504065040650407,0.0,0.0,219,6,213,24.0,0.11267605633802817,-0.11267605633802817,0.0
2016,institutions_elections_law,78,219,369,0.3561643835616438,0.21138211382113822,1.0,0.16666666666666666,219,6,213,77.0,0.3615023474178404,-0.19483568075117372,0.461038961038961
2016,labor_collective_action,16,219,369,0.0730593607305936,0.04336043360433604,0.0,0.0,219,6,213,16.0,0.07511737089201878,-0.07511737089201878,0.0
2016,migration_police_civilrights,77,219,369,0.3515981735159817,0.2086720867208672,3.0,0.5,219,6,213,74.0,0.3474178403755869,0.15258215962441313,1.439189189189189
2016,war_security_intel,144,219,369,0.6575342465753424,0.3902439024390244,4.0,0.6666666666666666,219,6,213,140.0,0.6572769953051644,0.009389671361502261,1.0142857142857142
2017,economy_finance_crisis,26,237,384,0.10970464135021098,0.06770833333333333,0.0,0.0,237,5,232,26.0,0.11206896551724138,-0.11206896551724138,0.0
2017,inequality_corruption_elites,22,237,384,0.09282700421940929,0.057291666666666664,0.0,0.0,237,5,232,22.0,0.09482758620689655,-0.09482758620689655,0.0
2017,institutions_elections_law,72,237,384,0.3037974683544304,0.1875,0.0,0.0,237,5,232,72.0,0.3103448275862069,-0.3103448275862069,0.0
2017,labor_collective_action,17,237,384,0.07172995780590717,0.044270833333333336,0.0,0.0,237,5,232,17.0,0.07327586206896551,-0.07327586206896551,0.0
2017,migration_police_civilrights,85,237,384,0.35864978902953587,0.22135416666666666,1.0,0.2,237,5,232,84.0,0.3620689655172414,-0.16206896551724137,0.5523809523809524
2017,war_security_intel,162,237,384,0.6835443037974683,0.421875,11.0,2.2,237,5,232,151.0,0.6508620689655172,1.5491379310344828,3.3801324503311263
2018,economy_finance_crisis,37,245,406,0.1510204081632653,0.09113300492610837,0.0,0.0,245,5,240,37.0,0.15416666666666667,-0.15416666666666667,0.0
2018,inequality_corruption_elites,28,245,406,0.11428571428571428,0.06896551724137931,1.0,0.2,245,5,240,27.0,0.1125,0.08750000000000001,1.777777777777778
2018,institutions_elections_law,66,245,406,0.2693877551020408,0.1625615763546798,0.0,0.0,245,5,240,66.0,0.275,-0.275,0.0
2018,labor_collective_action,28,245,406,0.11428571428571428,0.06896551724137931,0.0,0.0,245,5,240,28.0,0.11666666666666667,-0.11666666666666667,0.0
2018,migration_police_civilrights,79,245,406,0.3224489795918367,0.19458128078817735,1.0,0.2,245,5,240,78.0,0.325,-0.125,0.6153846153846154
2018,war_security_intel,168,245,406,0.6857142857142857,0.41379310344827586,5.0,1.0,245,5,240,163.0,0.6791666666666667,0.3208333333333333,1.4723926380368098
2019,economy_finance_crisis,29,205,324,0.14146341463414633,0.08950617283950617,0.0,0.0,205,4,201,29.0,0.14427860696517414,-0.14427860696517414,0.0
2019,inequality_corruption_elites,20,205,324,0.0975609756097561,0.06172839506172839,0.0,0.0,205,4,201,20.0,0.09950248756218906,-0.09950248756218906,0.0
2019,institutions_elections_law,57,205,324,0.2780487804878049,0.17592592592592593,0.0,0.0,205,4,201,57.0,0.2835820895522388,-0.2835820895522388,0.0
2019,labor_collective_action,13,205,324,0.06341463414634146,0.040123456790123455,0.0,0.0,205,4,201,13.0,0.06467661691542288,-0.06467661691542288,0.0
2019,migration_police_civilrights,74,205,324,0.36097560975609755,0.22839506172839505,0.0,0.0,205,4,201,74.0,0.3681592039800995,-0.3681592039800995,0.0
2019,war_security_intel,131,205,324,0.6390243902439025,0.404320987654321,6.0,1.5,205,4,201,125.0,0.6218905472636815,0.8781094527363185,2.4120000000000004
2020,economy_finance_crisis,15,138,206,0.10869565217391304,0.07281553398058252,0.0,0.0,138,7,131,15.0,0.11450381679389313,-0.11450381679389313,0.0
2020,inequality_corruption_elites,10,138,206,0.07246376811594203,0.04854368932038835,0.0,0.0,138,7,131,10.0,0.07633587786259542,-0.07633587786259542,0.0
2020,institutions_elections_law,33,138,206,0.2391304347826087,0.16019417475728157,1.0,0.14285714285714285,138,7,131,32.0,0.24427480916030533,-0.10141766630316248,0.5848214285714286
2020,labor_collective_action,8,138,206,0.057971014492753624,0.038834951456310676,0.0,0.0,138,7,131,8.0,0.061068702290076333,-0.061068702290076333,0.0
2020,migration_police_civilrights,49,138,206,0.35507246376811596,0.23786407766990292,11.0,1.5714285714285714,138,7,131,38.0,0.2900763358778626,1.2813522355507088,5.417293233082707
2020,war_security_intel,91,138,206,0.6594202898550725,0.441747572815534,9.0,1.2857142857142858,138,7,131,82.0,0.6259541984732825,0.6597600872410033,2.054006968641115
2021,economy_finance_crisis,25,139,205,0.17985611510791366,0.12195121951219512,2.0,0.2857142857142857,139,7,132,23.0,0.17424242424242425,0.11147186147186144,1.6397515527950308
2021,inequality_corruption_elites,11,139,205,0.07913669064748201,0.05365853658536585,1.0,0.14285714285714285,139,7,132,10.0,0.07575757575757576,0.06709956709956709,1.8857142857142855
2021,institutions_elections_law,19,139,205,0.1366906474820144,0.09268292682926829,0.0,0.0,139,7,132,19.0,0.14393939393939395,-0.14393939393939395,0.0
2021,labor_collective_action,10,139,205,0.07194244604316546,0.04878048780487805,0.0,0.0,139,7,132,10.0,0.07575757575757576,-0.07575757575757576,0.0
2021,migration_police_civilrights,45,139,205,0.3237410071942446,0.21951219512195122,1.0,0.14285714285714285,139,7,132,44.0,0.3333333333333333,-0.19047619047619047,0.42857142857142855
2021,war_security_intel,95,139,205,0.6834532374100719,0.4634146341463415,9.0,1.2857142857142858,139,7,132,86.0,0.6515151515151515,0.6341991341991343,1.9734219269102993
2022,economy_finance_crisis,21,143,214,0.14685314685314685,0.09813084112149532,0.0,0.0,143,6,137,21.0,0.15328467153284672,-0.15328467153284672,0.0
2022,inequality_corruption_elites,16,143,214,0.11188811188811189,0.07476635514018691,2.0,0.3333333333333333,143,6,137,14.0,0.10218978102189781,0.23114355231143552,3.261904761904762
2022,institutions_elections_law,32,143,214,0.22377622377622378,0.14953271028037382,4.0,0.6666666666666666,143,6,137,28.0,0.20437956204379562,0.46228710462287104,3.261904761904762
2022,labor_collective_action,6,143,214,0.04195804195804196,0.028037383177570093,0.0,0.0,143,6,137,6.0,0.043795620437956206,-0.043795620437956206,0.0
2022,migration_police_civilrights,39,143,214,0.2727272727272727,0.1822429906542056,2.0,0.3333333333333333,143,6,137,37.0,0.27007299270072993,0.06326034063260338,1.234234234234234
2022,war_security_intel,100,143,214,0.6993006993006993,0.4672897196261682,4.0,0.6666666666666666,143,6,137,96.0,0.7007299270072993,-0.03406326034063267,0.9513888888888888
2023,economy_finance_crisis,4,63,93,0.06349206349206349,0.043010752688172046,0.0,0.0,63,3,60,4.0,0.06666666666666667,-0.06666666666666667,0.0
2023,inequality_corruption_elites,2,63,93,0.031746031746031744,0.021505376344086023,1.0,0.3333333333333333,63,3,60,1.0,0.016666666666666666,0.31666666666666665,20.0
2023,institutions_elections_law,9,63,93,0.14285714285714285,0.0967741935483871,1.0,0.3333333333333333,63,3,60,8.0,0.13333333333333333,0.19999999999999998,2.5
2023,labor_collective_action,4,63,93,0.06349206349206349,0.043010752688172046,0.0,0.0,63,3,60,4.0,0.06666666666666667,-0.06666666666666667,0.0
2023,migration_police_civilrights,14,63,93,0.2222222222222222,0.15053763440860216,1.0,0.3333333333333333,63,3,60,13.0,0.21666666666666667,0.11666666666666664,1.5384615384615383
2023,war_security_intel,60,63,93,0.9523809523809523,0.6451612903225806,3.0,1.0,63,3,60,57.0,0.95,0.050000000000000044,1.0526315789473684
